-- phpMyAdmin SQL Dump
-- version 4.2.11
-- http://www.phpmyadmin.net
--
-- Servidor: 127.0.0.1
-- Tiempo de generación: 03-11-2015 a las 22:28:46
-- Versión del servidor: 5.6.21
-- Versión de PHP: 5.6.3

SET SQL_MODE = "NO_AUTO_VALUE_ON_ZERO";
SET time_zone = "+00:00";


/*!40101 SET @OLD_CHARACTER_SET_CLIENT=@@CHARACTER_SET_CLIENT */;
/*!40101 SET @OLD_CHARACTER_SET_RESULTS=@@CHARACTER_SET_RESULTS */;
/*!40101 SET @OLD_COLLATION_CONNECTION=@@COLLATION_CONNECTION */;
/*!40101 SET NAMES utf8 */;

--
-- Base de datos: `dbg`
--

-- --------------------------------------------------------

--
-- Estructura de tabla para la tabla `roles`
--

CREATE TABLE IF NOT EXISTS `roles` (
`id` int(11) NOT NULL,
  `nombre` varchar(200) NOT NULL
) ENGINE=InnoDB AUTO_INCREMENT=6 DEFAULT CHARSET=latin1;

--
-- Volcado de datos para la tabla `roles`
--

INSERT INTO `roles` (`id`, `nombre`) VALUES
(1, 'invitado'),
(2, 'superuser'),
(3, 'administrador'),
(4, 'profe'),
(5, 'padre');

-- --------------------------------------------------------

--
-- Estructura de tabla para la tabla `rolesusuarios`
--

CREATE TABLE IF NOT EXISTS `rolesusuarios` (
  `idusuario` int(11) NOT NULL,
  `idrol` int(11) NOT NULL
) ENGINE=InnoDB DEFAULT CHARSET=latin1;

--
-- Volcado de datos para la tabla `rolesusuarios`
--

INSERT INTO `rolesusuarios` (`idusuario`, `idrol`) VALUES
(2, 4),
(1, 1),
(5, 1),
(3, 3),
(4, 1);

-- --------------------------------------------------------

--
-- Estructura de tabla para la tabla `sesiones`
--

CREATE TABLE IF NOT EXISTS `sesiones` (
`id` int(11) NOT NULL,
  `numerosesion` varchar(200) NOT NULL,
  `usuario` int(11) NOT NULL,
  `fechaactual` datetime DEFAULT NULL,
  `fechacaducidad` datetime DEFAULT NULL
) ENGINE=InnoDB AUTO_INCREMENT=725 DEFAULT CHARSET=latin1;

--
-- Volcado de datos para la tabla `sesiones`
--

INSERT INTO `sesiones` (`id`, `numerosesion`, `usuario`, `fechaactual`, `fechacaducidad`) VALUES
(1, '', 1, '2015-09-24 00:00:00', '2015-09-24 00:00:00'),
(2, 'xxxx', 1, '2015-10-18 12:44:12', '2015-10-18 12:54:00'),
(3, '1420151018130449', 1, '2015-10-18 13:04:49', '2015-10-18 13:14:00'),
(4, '1420151018130537', 1, '2015-10-18 13:05:37', '2015-10-18 13:15:00'),
(5, '5120151018155433', 5, '2015-10-18 15:54:33', '2015-10-18 16:04:00'),
(6, '5120151018155707', 5, '2015-10-18 15:57:07', '2015-10-18 16:07:00'),
(7, '5120151018155722', 5, '2015-10-18 15:57:22', '2015-10-18 16:07:00'),
(8, '5120151018155753', 5, '2015-10-18 15:57:53', '2015-10-18 16:07:00'),
(9, '5120151018161035', 5, '2015-10-18 16:10:35', '2015-10-18 16:20:00'),
(10, '1420151018161047', 1, '2015-10-18 16:10:47', '2015-10-18 16:20:00'),
(11, '1420151018161653', 1, '2015-10-18 16:16:53', '2015-10-18 16:26:00'),
(12, '1420151018164748', 1, '2015-10-18 16:47:48', '2015-10-18 16:57:00'),
(13, '1420151018222636', 1, '2015-10-18 22:26:36', '2015-10-18 22:36:00'),
(14, '1420151018222636', 1, '2015-10-18 22:30:42', '2015-10-18 22:30:42'),
(15, '1420151018222636', 1, '2015-10-18 22:30:54', '2015-10-18 22:30:54'),
(16, '5120151018224358', 5, '2015-10-18 22:43:58', '2015-10-18 22:53:00'),
(17, '5120151018224416', 5, '2015-10-18 22:44:16', '2015-10-18 22:54:00'),
(18, '5120151018224416', 5, '2015-10-18 22:44:22', '2015-10-18 22:44:22'),
(19, '2420151018225928', 2, '2015-10-18 22:59:28', '2015-10-18 23:09:00'),
(20, '2420151018225928', 2, '2015-10-18 22:59:34', '2015-10-18 22:59:34'),
(21, '1120151018225945', 1, '2015-10-18 22:59:45', '2015-10-18 23:09:00'),
(22, '1120151018225945', 1, '2015-10-18 22:59:53', '2015-10-18 22:59:53'),
(23, '5120151019011016', 5, '2015-10-19 01:10:16', '2015-10-19 01:20:00'),
(24, '5120151019011016', 5, '2015-10-19 01:10:16', '2015-10-19 01:10:16'),
(25, '5120151019011048', 5, '2015-10-19 01:10:48', '2015-10-19 01:20:00'),
(26, '5120151019011048', 5, '2015-10-19 01:10:48', '2015-10-19 01:10:48'),
(27, '5120151019011142', 5, '2015-10-19 01:11:42', '2015-10-19 01:21:00'),
(28, '5120151019011142', 5, '2015-10-19 01:11:42', '2015-10-19 01:11:42'),
(29, '5120151019011340', 5, '2015-10-19 01:13:40', '2015-10-19 01:23:00'),
(30, '5120151019011340', 5, '2015-10-19 01:13:40', '2015-10-19 01:13:40'),
(31, '5120151019011404', 5, '2015-10-19 01:14:04', '2015-10-19 01:24:00'),
(32, '5120151019011404', 5, '2015-10-19 01:14:04', '2015-10-19 01:14:04'),
(33, '5120151019011453', 5, '2015-10-19 01:14:53', '2015-10-19 01:24:00'),
(34, '5120151019011453', 5, '2015-10-19 01:14:53', '2015-10-19 01:14:53'),
(35, '5120151019011623', 5, '2015-10-19 01:16:23', '2015-10-19 01:26:00'),
(36, '5120151019011623', 5, '2015-10-19 01:16:23', '2015-10-19 01:16:23'),
(37, '5120151019011929', 5, '2015-10-19 01:19:29', '2015-10-19 01:29:00'),
(38, '5120151019011929', 5, '2015-10-19 01:19:29', '2015-10-19 01:19:29'),
(39, '5120151019012050', 5, '2015-10-19 01:20:50', '2015-10-19 01:30:00'),
(40, '5120151019012050', 5, '2015-10-19 01:20:50', '2015-10-19 01:20:50'),
(41, '5120151019012050', 5, '2015-10-19 01:20:50', '2015-10-19 01:20:50'),
(42, '5120151019012050', 5, '2015-10-19 01:21:07', '2015-10-19 01:21:07'),
(43, '5120151019012050', 5, '2015-10-19 01:21:10', '2015-10-19 01:21:10'),
(44, '5120151019012050', 5, '2015-10-19 01:21:13', '2015-10-19 01:21:13'),
(45, '5120151019012050', 5, '2015-10-19 01:21:14', '2015-10-19 01:21:14'),
(46, '5120151019012321', 5, '2015-10-19 01:23:21', '2015-10-19 01:33:00'),
(47, '5120151019012321', 5, '2015-10-19 01:23:22', '2015-10-19 01:23:22'),
(48, '5120151019012321', 5, '2015-10-19 01:23:22', '2015-10-19 01:23:22'),
(49, '5120151019012321', 5, '2015-10-19 01:24:15', '2015-10-19 01:24:15'),
(50, '5120151019012321', 5, '2015-10-19 01:24:19', '2015-10-19 01:24:19'),
(51, '5120151019012321', 5, '2015-10-19 01:24:22', '2015-10-19 01:24:22'),
(52, '5120151019012321', 5, '2015-10-19 01:24:24', '2015-10-19 01:24:24'),
(53, '5120151019012321', 5, '2015-10-19 01:24:26', '2015-10-19 01:24:26'),
(54, '5120151019012321', 5, '2015-10-19 01:24:28', '2015-10-19 01:24:28'),
(55, '5120151019012321', 5, '2015-10-19 01:25:08', '2015-10-19 01:25:08'),
(56, '5120151019012321', 5, '2015-10-19 01:25:09', '2015-10-19 01:25:09'),
(57, '5120151019012321', 5, '2015-10-19 01:25:09', '2015-10-19 01:25:09'),
(58, '2420151019012526', 2, '2015-10-19 01:25:26', '2015-10-19 01:35:00'),
(59, '2420151019012526', 2, '2015-10-19 01:25:26', '2015-10-19 01:25:26'),
(60, '2420151019012526', 2, '2015-10-19 01:25:26', '2015-10-19 01:25:26'),
(61, '2420151019012526', 2, '2015-10-19 01:25:31', '2015-10-19 01:25:31'),
(62, '2420151019012526', 2, '2015-10-19 01:25:33', '2015-10-19 01:25:33'),
(63, '2420151019012526', 2, '2015-10-19 01:25:34', '2015-10-19 01:25:34'),
(64, '2420151019012526', 2, '2015-10-19 01:25:47', '2015-10-19 01:25:47'),
(65, '5120151019012628', 5, '2015-10-19 01:26:28', '2015-10-19 01:36:00'),
(66, '5120151019012628', 5, '2015-10-19 01:26:50', '2015-10-19 01:26:50'),
(67, '3320151019194829', 3, '2015-10-19 19:48:29', '2015-10-19 19:58:00'),
(68, '3320151019195331', 3, '2015-10-19 19:53:31', '2015-10-19 20:03:00'),
(69, '3320151019195331', 3, '2015-10-19 19:59:16', '2015-10-19 19:59:16'),
(70, '3320151019195926', 3, '2015-10-19 19:59:26', '2015-10-19 20:09:00'),
(71, '3320151019195926', 3, '2015-10-19 19:59:31', '2015-10-19 19:59:31'),
(72, '3320151019211742', 3, '2015-10-19 21:17:42', '2015-10-19 21:27:00'),
(73, '3320151019211742', 3, '2015-10-19 21:20:00', '2015-10-19 21:20:00'),
(74, '3320151019212234', 3, '2015-10-19 21:22:34', '2015-10-19 21:32:00'),
(75, '3320151019212234', 3, '2015-10-19 21:29:36', '2015-10-19 21:29:36'),
(76, '3320151019213246', 3, '2015-10-19 21:32:46', '2015-10-19 21:42:00'),
(77, '3320151019213246', 3, '2015-10-19 21:32:57', '2015-10-19 21:32:57'),
(78, '3320151019215300', 3, '2015-10-19 21:53:00', '2015-10-19 22:03:00'),
(79, '3320151021203818', 3, '2015-10-21 20:38:18', '2015-10-21 20:48:00'),
(80, '3320151021210931', 3, '2015-10-21 21:09:31', '2015-10-21 21:19:00'),
(81, '3320151021210931', 3, '2015-10-21 22:12:47', '2015-10-21 22:12:47'),
(82, '3320151021210931', 3, '2015-10-21 22:12:58', '2015-10-21 22:12:58'),
(83, '3320151021210931', 3, '2015-10-21 22:13:00', '2015-10-21 22:13:00'),
(84, '3320151021222226', 3, '2015-10-21 22:22:26', '2015-10-21 22:32:00'),
(85, '3320151021222226', 3, '2015-10-21 22:29:39', '2015-10-21 22:29:39'),
(86, '3320151021222226', 3, '2015-10-21 22:30:08', '2015-10-21 22:30:08'),
(87, '3320151021223013', 3, '2015-10-21 22:30:13', '2015-10-21 22:40:00'),
(88, '3320151021223013', 3, '2015-10-21 22:30:14', '2015-10-21 22:30:14'),
(89, '3320151021223013', 3, '2015-10-21 22:30:19', '2015-10-21 22:30:19'),
(90, '3320151021223013', 3, '2015-10-22 00:41:05', '2015-10-22 00:41:05'),
(91, '3320151021223013', 3, '2015-10-22 00:41:09', '2015-10-22 00:41:09'),
(92, '3320151021223013', 3, '2015-10-22 00:41:10', '2015-10-22 00:41:10'),
(93, '3320151021223013', 3, '2015-10-22 00:41:20', '2015-10-22 00:41:20'),
(94, '3320151021223013', 3, '2015-10-22 00:42:06', '2015-10-22 00:42:06'),
(95, '3320151022004257', 3, '2015-10-22 00:42:57', '2015-10-22 00:52:00'),
(96, '3320151022004614', 3, '2015-10-22 00:46:14', '2015-10-22 00:56:00'),
(97, '3320151022004653', 3, '2015-10-22 00:46:53', '2015-10-22 00:56:00'),
(98, '3320151022004730', 3, '2015-10-22 00:47:30', '2015-10-22 00:57:00'),
(99, '3320151022004732', 3, '2015-10-22 00:47:32', '2015-10-22 00:57:00'),
(100, '3320151022004741', 3, '2015-10-22 00:47:41', '2015-10-22 00:57:00'),
(101, '3320151022004744', 3, '2015-10-22 00:47:44', '2015-10-22 00:57:00'),
(102, '3320151022004801', 3, '2015-10-22 00:48:01', '2015-10-22 00:58:00'),
(103, '3320151022010106', 3, '2015-10-22 01:01:06', '2015-10-22 01:11:00'),
(104, '3320151022010122', 3, '2015-10-22 01:01:22', '2015-10-22 01:11:00'),
(105, '3320151022010122', 3, '2015-10-22 01:04:48', '2015-10-22 01:04:48'),
(106, '3320151022010515', 3, '2015-10-22 01:05:15', '2015-10-22 01:15:00'),
(107, '3320151022010515', 3, '2015-10-22 01:05:20', '2015-10-22 01:05:20'),
(108, '3320151022010525', 3, '2015-10-22 01:05:25', '2015-10-22 01:15:00'),
(109, '3320151022010525', 3, '2015-10-22 01:05:43', '2015-10-22 01:05:43'),
(110, '3320151022010608', 3, '2015-10-22 01:06:08', '2015-10-22 01:16:00'),
(111, '3320151022010608', 3, '2015-10-22 01:06:08', '2015-10-22 01:16:00'),
(112, '3320151022010610', 3, '2015-10-22 01:06:10', '2015-10-22 01:16:00'),
(113, '3320151022010612', 3, '2015-10-22 01:06:12', '2015-10-22 01:16:00'),
(114, '3320151022010616', 3, '2015-10-22 01:06:16', '2015-10-22 01:16:00'),
(115, '3320151022010608', 3, '2015-10-22 01:06:18', '2015-10-22 01:06:18'),
(116, '3320151022010717', 3, '2015-10-22 01:07:17', '2015-10-22 01:17:00'),
(117, '3320151022010717', 3, '2015-10-22 01:07:17', '2015-10-22 01:17:00'),
(118, '3320151022010727', 3, '2015-10-22 01:07:27', '2015-10-22 01:17:00'),
(119, '3320151022010734', 3, '2015-10-22 01:07:34', '2015-10-22 01:17:00'),
(120, '3320151022010742', 3, '2015-10-22 01:07:42', '2015-10-22 01:17:00'),
(121, '3320151022010717', 3, '2015-10-22 01:07:48', '2015-10-22 01:07:48'),
(122, '3320151022011222', 3, '2015-10-22 01:12:22', '2015-10-22 01:22:00'),
(123, '3320151022011222', 3, '2015-10-22 01:12:22', '2015-10-22 01:22:00'),
(124, '3320151022011224', 3, '2015-10-22 01:12:24', '2015-10-22 01:22:00'),
(125, '3320151022011235', 3, '2015-10-22 01:12:35', '2015-10-22 01:22:00'),
(126, '3320151022011235', 3, '2015-10-22 01:12:35', '2015-10-22 01:22:00'),
(127, '3320151022011237', 3, '2015-10-22 01:12:37', '2015-10-22 01:22:00'),
(128, '3320151022015701', 3, '2015-10-22 01:57:01', '2015-10-22 02:07:00'),
(129, '3320151022015701', 3, '2015-10-22 01:57:01', '2015-10-22 02:07:00'),
(130, '3320151022015703', 3, '2015-10-22 01:57:03', '2015-10-22 02:07:00'),
(131, '3320151022015701', 3, '2015-10-22 01:57:04', '2015-10-22 01:57:04'),
(132, '3320151022015738', 3, '2015-10-22 01:57:38', '2015-10-22 02:07:00'),
(133, '3320151022015738', 3, '2015-10-22 01:57:38', '2015-10-22 02:07:00'),
(134, '3320151022015740', 3, '2015-10-22 01:57:40', '2015-10-22 02:07:00'),
(135, '3320151022015742', 3, '2015-10-22 01:57:42', '2015-10-22 02:07:00'),
(136, '3320151022015828', 3, '2015-10-22 01:58:28', '2015-10-22 02:08:00'),
(137, '3320151022015828', 3, '2015-10-22 01:58:28', '2015-10-22 02:08:00'),
(138, '3320151022015830', 3, '2015-10-22 01:58:30', '2015-10-22 02:08:00'),
(139, '3320151022015851', 3, '2015-10-22 01:58:51', '2015-10-22 02:08:00'),
(140, '3320151022015828', 3, '2015-10-22 01:58:53', '2015-10-22 01:58:53'),
(141, '3320151022015859', 3, '2015-10-22 01:58:59', '2015-10-22 02:08:00'),
(142, '3320151022015900', 3, '2015-10-22 01:59:00', '2015-10-22 02:09:00'),
(143, '3320151022015901', 3, '2015-10-22 01:59:01', '2015-10-22 02:09:00'),
(144, '3320151022015930', 3, '2015-10-22 01:59:30', '2015-10-22 02:09:00'),
(145, '3320151022015935', 3, '2015-10-22 01:59:35', '2015-10-22 02:09:00'),
(146, '3320151022015936', 3, '2015-10-22 01:59:36', '2015-10-22 02:09:00'),
(147, '3320151022015944', 3, '2015-10-22 01:59:44', '2015-10-22 02:09:00'),
(148, '3320151022015949', 3, '2015-10-22 01:59:49', '2015-10-22 02:09:00'),
(149, '3320151022015952', 3, '2015-10-22 01:59:52', '2015-10-22 02:09:00'),
(150, '3320151022015954', 3, '2015-10-22 01:59:54', '2015-10-22 02:09:00'),
(151, '3320151022020005', 3, '2015-10-22 02:00:05', '2015-10-22 02:10:00'),
(152, '3320151022020010', 3, '2015-10-22 02:00:10', '2015-10-22 02:10:00'),
(153, '3320151022020017', 3, '2015-10-22 02:00:17', '2015-10-22 02:10:00'),
(154, '3320151022020020', 3, '2015-10-22 02:00:20', '2015-10-22 02:10:00'),
(155, '3320151022015859', 3, '2015-10-22 02:00:28', '2015-10-22 02:00:28'),
(156, '3320151022020146', 3, '2015-10-22 02:01:46', '2015-10-22 02:11:00'),
(157, '3320151022020146', 3, '2015-10-22 02:01:46', '2015-10-22 02:11:00'),
(158, '3320151022020147', 3, '2015-10-22 02:01:47', '2015-10-22 02:11:00'),
(159, '3320151022020214', 3, '2015-10-22 02:02:14', '2015-10-22 02:12:00'),
(160, '3320151022020227', 3, '2015-10-22 02:02:27', '2015-10-22 02:12:00'),
(161, '3320151022020259', 3, '2015-10-22 02:02:59', '2015-10-22 02:12:00'),
(162, '3320151022020402', 3, '2015-10-22 02:04:02', '2015-10-22 02:14:00'),
(163, '3320151022020556', 3, '2015-10-22 02:05:56', '2015-10-22 02:15:00'),
(164, '3320151022020706', 3, '2015-10-22 02:07:06', '2015-10-22 02:17:00'),
(165, '3320151022020709', 3, '2015-10-22 02:07:09', '2015-10-22 02:17:00'),
(166, '3320151022020735', 3, '2015-10-22 02:07:35', '2015-10-22 02:17:00'),
(167, '3320151022020744', 3, '2015-10-22 02:07:44', '2015-10-22 02:17:00'),
(168, '3320151022020804', 3, '2015-10-22 02:08:04', '2015-10-22 02:18:00'),
(169, '3320151022020916', 3, '2015-10-22 02:09:16', '2015-10-22 02:19:00'),
(170, '3320151022020942', 3, '2015-10-22 02:09:42', '2015-10-22 02:19:00'),
(171, '3320151022020944', 3, '2015-10-22 02:09:44', '2015-10-22 02:19:00'),
(172, '3320151022021013', 3, '2015-10-22 02:10:13', '2015-10-22 02:20:00'),
(173, '3320151022021015', 3, '2015-10-22 02:10:15', '2015-10-22 02:20:00'),
(174, '3320151022021054', 3, '2015-10-22 02:10:54', '2015-10-22 02:20:00'),
(175, '3320151022021055', 3, '2015-10-22 02:10:55', '2015-10-22 02:20:00'),
(176, '3320151022021111', 3, '2015-10-22 02:11:11', '2015-10-22 02:21:00'),
(177, '3320151022021113', 3, '2015-10-22 02:11:13', '2015-10-22 02:21:00'),
(178, '3320151022021143', 3, '2015-10-22 02:11:43', '2015-10-22 02:21:00'),
(179, '3320151022021250', 3, '2015-10-22 02:12:50', '2015-10-22 02:22:00'),
(180, '3320151022021318', 3, '2015-10-22 02:13:18', '2015-10-22 02:23:00'),
(181, '3320151022021441', 3, '2015-10-22 02:14:41', '2015-10-22 02:24:00'),
(182, '3320151022021503', 3, '2015-10-22 02:15:03', '2015-10-22 02:25:00'),
(183, '3320151022021526', 3, '2015-10-22 02:15:26', '2015-10-22 02:25:00'),
(184, '3320151022021605', 3, '2015-10-22 02:16:05', '2015-10-22 02:26:00'),
(185, '3320151022021630', 3, '2015-10-22 02:16:30', '2015-10-22 02:26:00'),
(186, '3320151022021735', 3, '2015-10-22 02:17:35', '2015-10-22 02:27:00'),
(187, '3320151022021814', 3, '2015-10-22 02:18:14', '2015-10-22 02:28:00'),
(188, '3320151022021829', 3, '2015-10-22 02:18:29', '2015-10-22 02:28:00'),
(189, '3320151022021905', 3, '2015-10-22 02:19:05', '2015-10-22 02:29:00'),
(190, '3320151022021934', 3, '2015-10-22 02:19:34', '2015-10-22 02:29:00'),
(191, '3320151022021956', 3, '2015-10-22 02:19:56', '2015-10-22 02:29:00'),
(192, '3320151022022014', 3, '2015-10-22 02:20:14', '2015-10-22 02:30:00'),
(193, '3320151022022101', 3, '2015-10-22 02:21:01', '2015-10-22 02:31:00'),
(194, '3320151022022236', 3, '2015-10-22 02:22:36', '2015-10-22 02:32:00'),
(195, '3320151022022300', 3, '2015-10-22 02:23:00', '2015-10-22 02:33:00'),
(196, '3320151022022346', 3, '2015-10-22 02:23:46', '2015-10-22 02:33:00'),
(197, '3320151022022523', 3, '2015-10-22 02:25:23', '2015-10-22 02:35:00'),
(198, '3320151022022525', 3, '2015-10-22 02:25:25', '2015-10-22 02:35:00'),
(199, '3320151022022548', 3, '2015-10-22 02:25:48', '2015-10-22 02:35:00'),
(200, '3320151022022612', 3, '2015-10-22 02:26:12', '2015-10-22 02:36:00'),
(201, '3320151022022627', 3, '2015-10-22 02:26:27', '2015-10-22 02:36:00'),
(202, '3320151022022640', 3, '2015-10-22 02:26:40', '2015-10-22 02:36:00'),
(203, '3320151022022855', 3, '2015-10-22 02:28:55', '2015-10-22 02:38:00'),
(204, '3320151022022934', 3, '2015-10-22 02:29:34', '2015-10-22 02:39:00'),
(205, '3320151022022936', 3, '2015-10-22 02:29:36', '2015-10-22 02:39:00'),
(206, '3320151022023000', 3, '2015-10-22 02:30:00', '2015-10-22 02:40:00'),
(207, '3320151022023037', 3, '2015-10-22 02:30:37', '2015-10-22 02:40:00'),
(208, '3320151022023144', 3, '2015-10-22 02:31:44', '2015-10-22 02:41:00'),
(209, '3320151022023233', 3, '2015-10-22 02:32:33', '2015-10-22 02:42:00'),
(210, '3320151022023250', 3, '2015-10-22 02:32:50', '2015-10-22 02:42:00'),
(211, '3320151022213131', 3, '2015-10-22 21:31:31', '2015-10-22 21:41:00'),
(212, '3320151024131058', 3, '2015-10-24 13:10:58', '2015-10-24 13:20:00'),
(213, '3320151024131058', 3, '2015-10-24 13:10:58', '2015-10-24 13:20:00'),
(214, '3320151024131100', 3, '2015-10-24 13:11:00', '2015-10-24 13:21:00'),
(215, '3320151024131119', 3, '2015-10-24 13:11:19', '2015-10-24 13:21:00'),
(216, '3320151024131120', 3, '2015-10-24 13:11:20', '2015-10-24 13:21:00'),
(217, '3320151024131121', 3, '2015-10-24 13:11:21', '2015-10-24 13:21:00'),
(218, '3320151024131314', 3, '2015-10-24 13:13:14', '2015-10-24 13:23:00'),
(219, '3320151024131415', 3, '2015-10-24 13:14:15', '2015-10-24 13:24:00'),
(220, '3320151024131453', 3, '2015-10-24 13:14:53', '2015-10-24 13:24:00'),
(221, '3320151024131455', 3, '2015-10-24 13:14:55', '2015-10-24 13:24:00'),
(222, '3320151024131457', 3, '2015-10-24 13:14:57', '2015-10-24 13:24:00'),
(223, '3320151024131524', 3, '2015-10-24 13:15:24', '2015-10-24 13:25:00'),
(224, '3320151024131549', 3, '2015-10-24 13:15:49', '2015-10-24 13:25:00'),
(225, '3320151024131603', 3, '2015-10-24 13:16:03', '2015-10-24 13:26:00'),
(226, '3320151024131743', 3, '2015-10-24 13:17:43', '2015-10-24 13:27:00'),
(227, '3320151024131909', 3, '2015-10-24 13:19:09', '2015-10-24 13:29:00'),
(228, '3320151024131918', 3, '2015-10-24 13:19:18', '2015-10-24 13:29:00'),
(229, '3320151024132214', 3, '2015-10-24 13:22:14', '2015-10-24 13:32:00'),
(230, '3320151024132249', 3, '2015-10-24 13:22:49', '2015-10-24 13:32:00'),
(231, '3320151024133832', 3, '2015-10-24 13:38:32', '2015-10-24 13:48:00'),
(232, '3320151024133853', 3, '2015-10-24 13:38:53', '2015-10-24 13:48:00'),
(233, '3320151024133915', 3, '2015-10-24 13:39:15', '2015-10-24 13:49:00'),
(234, '3320151024134017', 3, '2015-10-24 13:40:17', '2015-10-24 13:50:00'),
(235, '3320151024134029', 3, '2015-10-24 13:40:29', '2015-10-24 13:50:00'),
(236, '3320151024134047', 3, '2015-10-24 13:40:47', '2015-10-24 13:50:00'),
(237, '3320151024134130', 3, '2015-10-24 13:41:30', '2015-10-24 13:51:00'),
(238, '3320151024134234', 3, '2015-10-24 13:42:34', '2015-10-24 13:52:00'),
(239, '3320151024134847', 3, '2015-10-24 13:48:47', '2015-10-24 13:58:00'),
(240, '3320151024134901', 3, '2015-10-24 13:49:01', '2015-10-24 13:59:00'),
(241, '3320151024134915', 3, '2015-10-24 13:49:15', '2015-10-24 13:59:00'),
(242, '3320151024134950', 3, '2015-10-24 13:49:50', '2015-10-24 13:59:00'),
(243, '3320151024135005', 3, '2015-10-24 13:50:05', '2015-10-24 14:00:00'),
(244, '3320151024135022', 3, '2015-10-24 13:50:22', '2015-10-24 14:00:00'),
(245, '3320151024135104', 3, '2015-10-24 13:51:04', '2015-10-24 14:01:00'),
(246, '3320151024135116', 3, '2015-10-24 13:51:16', '2015-10-24 14:01:00'),
(247, '3320151024135146', 3, '2015-10-24 13:51:46', '2015-10-24 14:01:00'),
(248, '3320151024135202', 3, '2015-10-24 13:52:02', '2015-10-24 14:02:00'),
(249, '3320151024135219', 3, '2015-10-24 13:52:19', '2015-10-24 14:02:00'),
(250, '3320151024135302', 3, '2015-10-24 13:53:02', '2015-10-24 14:03:00'),
(251, '3320151025025622', 3, '2015-10-25 02:56:22', '2015-10-25 03:06:00'),
(252, '3320151025025624', 3, '2015-10-25 02:56:24', '2015-10-25 03:06:00'),
(253, '3320151025025627', 3, '2015-10-25 02:56:27', '2015-10-25 03:06:00'),
(254, '3320151025025637', 3, '2015-10-25 02:56:37', '2015-10-25 03:06:00'),
(255, '3320151025025755', 3, '2015-10-25 02:57:55', '2015-10-25 03:07:00'),
(256, '3320151025025810', 3, '2015-10-25 02:58:10', '2015-10-25 03:08:00'),
(257, '3320151025120122', 3, '2015-10-25 12:01:22', '2015-10-25 12:11:00'),
(258, '3320151025120127', 3, '2015-10-25 12:01:27', '2015-10-25 12:11:00'),
(259, '3320151025120130', 3, '2015-10-25 12:01:30', '2015-10-25 12:11:00'),
(260, '3320151025120504', 3, '2015-10-25 12:05:04', '2015-10-25 12:15:00'),
(261, '3320151025120628', 3, '2015-10-25 12:06:28', '2015-10-25 12:16:00'),
(262, '3320151025121429', 3, '2015-10-25 12:14:29', '2015-10-25 12:24:00'),
(263, '3320151025121446', 3, '2015-10-25 12:14:46', '2015-10-25 12:24:00'),
(264, '3320151025121458', 3, '2015-10-25 12:14:58', '2015-10-25 12:24:00'),
(265, '3320151025121647', 3, '2015-10-25 12:16:47', '2015-10-25 12:26:00'),
(266, '3320151025121815', 3, '2015-10-25 12:18:15', '2015-10-25 12:28:00'),
(267, '3320151025121852', 3, '2015-10-25 12:18:52', '2015-10-25 12:28:00'),
(268, '3320151025121902', 3, '2015-10-25 12:19:02', '2015-10-25 12:29:00'),
(269, '3320151025124032', 3, '2015-10-25 12:40:32', '2015-10-25 12:50:00'),
(270, '3320151025124056', 3, '2015-10-25 12:40:56', '2015-10-25 12:50:00'),
(271, '3320151025124118', 3, '2015-10-25 12:41:18', '2015-10-25 12:51:00'),
(272, '3320151025124149', 3, '2015-10-25 12:41:49', '2015-10-25 12:51:00'),
(273, '3320151025124410', 3, '2015-10-25 12:44:10', '2015-10-25 12:54:00'),
(274, '3320151025124500', 3, '2015-10-25 12:45:00', '2015-10-25 12:55:00'),
(275, '3320151025124642', 3, '2015-10-25 12:46:42', '2015-10-25 12:56:00'),
(276, '3320151025125109', 3, '2015-10-25 12:51:09', '2015-10-25 13:01:00'),
(277, '3320151025125205', 3, '2015-10-25 12:52:05', '2015-10-25 13:02:00'),
(278, '3320151025125302', 3, '2015-10-25 12:53:02', '2015-10-25 13:03:00'),
(279, '3320151025125430', 3, '2015-10-25 12:54:30', '2015-10-25 13:04:00'),
(280, '3320151025125820', 3, '2015-10-25 12:58:20', '2015-10-25 13:08:00'),
(281, '3320151025125905', 3, '2015-10-25 12:59:05', '2015-10-25 13:09:00'),
(282, '3320151025130109', 3, '2015-10-25 13:01:09', '2015-10-25 13:11:00'),
(283, '3320151025131304', 3, '2015-10-25 13:13:04', '2015-10-25 13:23:00'),
(284, '3320151026200055', 3, '2015-10-26 20:00:55', '2015-10-26 20:10:00'),
(285, '3320151026200935', 3, '2015-10-26 20:09:35', '2015-10-26 20:19:00'),
(286, '3320151026201111', 3, '2015-10-26 20:11:11', '2015-10-26 20:21:00'),
(287, '3320151026201212', 3, '2015-10-26 20:12:12', '2015-10-26 20:22:00'),
(288, '3320151026201253', 3, '2015-10-26 20:12:53', '2015-10-26 20:22:00'),
(289, '3320151026203537', 3, '2015-10-26 20:35:37', '2015-10-26 20:45:00'),
(290, '3320151026203638', 3, '2015-10-26 20:36:38', '2015-10-26 20:46:00'),
(291, '3320151026203638', 3, '2015-10-26 20:36:38', '2015-10-26 20:46:00'),
(292, '3320151026203640', 3, '2015-10-26 20:36:40', '2015-10-26 20:46:00'),
(293, '3320151026203834', 3, '2015-10-26 20:38:34', '2015-10-26 20:48:00'),
(294, '3320151026204449', 3, '2015-10-26 20:44:49', '2015-10-26 20:54:00'),
(295, '3320151026204531', 3, '2015-10-26 20:45:31', '2015-10-26 20:55:00'),
(296, '3320151026204626', 3, '2015-10-26 20:46:26', '2015-10-26 20:56:00'),
(297, '3320151026204918', 3, '2015-10-26 20:49:18', '2015-10-26 20:59:00'),
(298, '3320151026204937', 3, '2015-10-26 20:49:37', '2015-10-26 20:59:00'),
(299, '3320151026205750', 3, '2015-10-26 20:57:50', '2015-10-26 21:07:00'),
(300, '3320151026205808', 3, '2015-10-26 20:58:08', '2015-10-26 21:08:00'),
(301, '3320151026205813', 3, '2015-10-26 20:58:13', '2015-10-26 21:08:00'),
(302, '3320151026205820', 3, '2015-10-26 20:58:20', '2015-10-26 21:08:00'),
(303, '3320151026205820', 3, '2015-10-26 20:58:20', '2015-10-26 21:08:00'),
(304, '3320151026205822', 3, '2015-10-26 20:58:22', '2015-10-26 21:08:00'),
(305, '3320151026205842', 3, '2015-10-26 20:58:42', '2015-10-26 21:08:00'),
(306, '3320151026205951', 3, '2015-10-26 20:59:51', '2015-10-26 21:09:00'),
(307, '3320151026205951', 3, '2015-10-26 20:59:51', '2015-10-26 21:09:00'),
(308, '3320151026205954', 3, '2015-10-26 20:59:54', '2015-10-26 21:09:00'),
(309, '3320151026210115', 3, '2015-10-26 21:01:15', '2015-10-26 21:11:00'),
(310, '3320151026210221', 3, '2015-10-26 21:02:21', '2015-10-26 21:12:00'),
(311, '3320151026210658', 3, '2015-10-26 21:06:58', '2015-10-26 21:16:00'),
(312, '3320151026210821', 3, '2015-10-26 21:08:21', '2015-10-26 21:18:00'),
(313, '3320151026210822', 3, '2015-10-26 21:08:22', '2015-10-26 21:18:00'),
(314, '3320151026210823', 3, '2015-10-26 21:08:23', '2015-10-26 21:18:00'),
(315, '3320151026210945', 3, '2015-10-26 21:09:45', '2015-10-26 21:19:00'),
(316, '3320151026211021', 3, '2015-10-26 21:10:21', '2015-10-26 21:20:00'),
(317, '3320151026211245', 3, '2015-10-26 21:12:45', '2015-10-26 21:22:00'),
(318, '3320151026211308', 3, '2015-10-26 21:13:08', '2015-10-26 21:23:00'),
(319, '3320151026211308', 3, '2015-10-26 21:13:08', '2015-10-26 21:23:00'),
(320, '3320151026211310', 3, '2015-10-26 21:13:10', '2015-10-26 21:23:00'),
(321, '3320151026211327', 3, '2015-10-26 21:13:27', '2015-10-26 21:23:00'),
(322, '3320151026211327', 3, '2015-10-26 21:13:27', '2015-10-26 21:23:00'),
(323, '3320151026211329', 3, '2015-10-26 21:13:29', '2015-10-26 21:23:00'),
(324, '3320151026211415', 3, '2015-10-26 21:14:15', '2015-10-26 21:24:00'),
(325, '3320151026211444', 3, '2015-10-26 21:14:44', '2015-10-26 21:24:00'),
(326, '3320151026211455', 3, '2015-10-26 21:14:55', '2015-10-26 21:24:00'),
(327, '3320151026211540', 3, '2015-10-26 21:15:40', '2015-10-26 21:25:00'),
(328, '3320151026211554', 3, '2015-10-26 21:15:54', '2015-10-26 21:25:00'),
(329, '3320151026211715', 3, '2015-10-26 21:17:15', '2015-10-26 21:27:00'),
(330, '3320151027000154', 3, '2015-10-27 00:01:54', '2015-10-27 00:11:00'),
(331, '3320151027000338', 3, '2015-10-27 00:03:38', '2015-10-27 00:13:00'),
(332, '3320151027000409', 3, '2015-10-27 00:04:09', '2015-10-27 00:14:00'),
(333, '3320151027000424', 3, '2015-10-27 00:04:24', '2015-10-27 00:14:00'),
(334, '3320151027000759', 3, '2015-10-27 00:07:59', '2015-10-27 00:17:00'),
(335, '3320151027000759', 3, '2015-10-27 00:07:59', '2015-10-27 00:17:00'),
(336, '3320151027000801', 3, '2015-10-27 00:08:01', '2015-10-27 00:18:00'),
(337, '3320151028235315', 3, '2015-10-28 23:53:15', '2015-10-29 00:03:00'),
(338, '3320151028235315', 3, '2015-10-28 23:53:15', '2015-10-29 00:03:00'),
(339, '3320151028235323', 3, '2015-10-28 23:53:23', '2015-10-29 00:03:00'),
(340, '3320151029001416', 3, '2015-10-29 00:14:16', '2015-10-29 00:24:00'),
(341, '3320151029001416', 3, '2015-10-29 00:14:16', '2015-10-29 00:24:00'),
(342, '3320151029001417', 3, '2015-10-29 00:14:17', '2015-10-29 00:24:00'),
(343, '3320151029001501', 3, '2015-10-29 00:15:01', '2015-10-29 00:25:00'),
(344, '3320151029001416', 3, '2015-10-29 00:15:22', '2015-10-29 00:15:22'),
(345, '3320151029002515', 3, '2015-10-29 00:25:15', '2015-10-29 00:35:00'),
(346, '3320151029002515', 3, '2015-10-29 00:25:15', '2015-10-29 00:35:00'),
(347, '3320151029002530', 3, '2015-10-29 00:25:30', '2015-10-29 00:35:00'),
(348, '3320151029002530', 3, '2015-10-29 00:25:30', '2015-10-29 00:35:00'),
(349, '3320151029002533', 3, '2015-10-29 00:25:33', '2015-10-29 00:35:00'),
(350, '3320151029003703', 3, '2015-10-29 00:37:03', '2015-10-29 00:47:00'),
(351, '3320151029003703', 3, '2015-10-29 00:37:03', '2015-10-29 00:47:00'),
(352, '3320151029003706', 3, '2015-10-29 00:37:06', '2015-10-29 00:47:00'),
(353, '3320151029003720', 3, '2015-10-29 00:37:20', '2015-10-29 00:47:00'),
(354, '3320151029003720', 3, '2015-10-29 00:37:20', '2015-10-29 00:47:00'),
(355, '3320151029003721', 3, '2015-10-29 00:37:21', '2015-10-29 00:47:00'),
(356, '3320151029003737', 3, '2015-10-29 00:37:37', '2015-10-29 00:47:00'),
(357, '3320151029003737', 3, '2015-10-29 00:37:37', '2015-10-29 00:47:00'),
(358, '3320151029003739', 3, '2015-10-29 00:37:39', '2015-10-29 00:47:00'),
(359, '3320151029003811', 3, '2015-10-29 00:38:11', '2015-10-29 00:48:00'),
(360, '3320151029003812', 3, '2015-10-29 00:38:12', '2015-10-29 00:48:00'),
(361, '3320151029003813', 3, '2015-10-29 00:38:13', '2015-10-29 00:48:00'),
(362, '3320151029003817', 3, '2015-10-29 00:38:17', '2015-10-29 00:48:00'),
(363, '3320151029003823', 3, '2015-10-29 00:38:23', '2015-10-29 00:48:00'),
(364, '3320151029003828', 3, '2015-10-29 00:38:28', '2015-10-29 00:48:00'),
(365, '3320151029003829', 3, '2015-10-29 00:38:29', '2015-10-29 00:48:00'),
(366, '3320151029003833', 3, '2015-10-29 00:38:33', '2015-10-29 00:48:00'),
(367, '3320151029003836', 3, '2015-10-29 00:38:36', '2015-10-29 00:48:00'),
(368, '3320151029003839', 3, '2015-10-29 00:38:39', '2015-10-29 00:48:00'),
(369, '3320151029003842', 3, '2015-10-29 00:38:42', '2015-10-29 00:48:00'),
(370, '3320151029003847', 3, '2015-10-29 00:38:47', '2015-10-29 00:48:00'),
(371, '3320151029004043', 3, '2015-10-29 00:40:43', '2015-10-29 00:50:00'),
(372, '3320151029004045', 3, '2015-10-29 00:40:45', '2015-10-29 00:50:00'),
(373, '3320151029004107', 3, '2015-10-29 00:41:07', '2015-10-29 00:51:00'),
(374, '3320151029004107', 3, '2015-10-29 00:41:07', '2015-10-29 00:51:00'),
(375, '3320151029004109', 3, '2015-10-29 00:41:09', '2015-10-29 00:51:00'),
(376, '3320151029004644', 3, '2015-10-29 00:46:44', '2015-10-29 00:56:00'),
(377, '3320151029004644', 3, '2015-10-29 00:46:44', '2015-10-29 00:56:00'),
(378, '3320151029004708', 3, '2015-10-29 00:47:08', '2015-10-29 00:57:00'),
(379, '3320151029004708', 3, '2015-10-29 00:47:08', '2015-10-29 00:57:00'),
(380, '3320151029004711', 3, '2015-10-29 00:47:11', '2015-10-29 00:57:00'),
(381, '3320151029004743', 3, '2015-10-29 00:47:43', '2015-10-29 00:57:00'),
(382, '3320151029004817', 3, '2015-10-29 00:48:17', '2015-10-29 00:58:00'),
(383, '3320151029004821', 3, '2015-10-29 00:48:21', '2015-10-29 00:58:00'),
(384, '3320151029004823', 3, '2015-10-29 00:48:23', '2015-10-29 00:58:00'),
(385, '3320151029004842', 3, '2015-10-29 00:48:42', '2015-10-29 00:58:00'),
(386, '3320151029004843', 3, '2015-10-29 00:48:43', '2015-10-29 00:58:00'),
(387, '3320151029004844', 3, '2015-10-29 00:48:44', '2015-10-29 00:58:00'),
(388, '3320151029004954', 3, '2015-10-29 00:49:54', '2015-10-29 00:59:00'),
(389, '3320151029004954', 3, '2015-10-29 00:49:54', '2015-10-29 00:59:00'),
(390, '3320151029004956', 3, '2015-10-29 00:49:56', '2015-10-29 00:59:00'),
(391, '3320151029005012', 3, '2015-10-29 00:50:12', '2015-10-29 01:00:00'),
(392, '3320151029005047', 3, '2015-10-29 00:50:47', '2015-10-29 01:00:00'),
(393, '3320151029005114', 3, '2015-10-29 00:51:14', '2015-10-29 01:01:00'),
(394, '3320151029194152', 3, '2015-10-29 19:41:53', '2015-10-29 19:51:00'),
(395, '3320151029194153', 3, '2015-10-29 19:41:53', '2015-10-29 19:51:00'),
(396, '3320151029194156', 3, '2015-10-29 19:41:56', '2015-10-29 19:51:00'),
(397, '3320151029194314', 3, '2015-10-29 19:43:14', '2015-10-29 19:53:00'),
(398, '3320151029194314', 3, '2015-10-29 19:43:14', '2015-10-29 19:53:00'),
(399, '3320151029194315', 3, '2015-10-29 19:43:15', '2015-10-29 19:53:00'),
(400, '3320151029194757', 3, '2015-10-29 19:47:57', '2015-10-29 19:57:00'),
(401, '3320151029202358', 3, '2015-10-29 20:23:58', '2015-10-29 20:33:00'),
(402, '3320151030204751', 3, '2015-10-30 20:47:51', '2015-10-30 20:57:00'),
(403, '3320151030204752', 3, '2015-10-30 20:47:52', '2015-10-30 20:57:00'),
(404, '3320151030204753', 3, '2015-10-30 20:47:53', '2015-10-30 20:57:00'),
(405, '3320151030205012', 3, '2015-10-30 20:50:12', '2015-10-30 21:00:00'),
(406, '3320151030205012', 3, '2015-10-30 20:50:12', '2015-10-30 21:00:00'),
(407, '3320151030205014', 3, '2015-10-30 20:50:14', '2015-10-30 21:00:00'),
(408, '3320151030210518', 3, '2015-10-30 21:05:18', '2015-10-30 21:15:00'),
(409, '3320151030210519', 3, '2015-10-30 21:05:19', '2015-10-30 21:15:00'),
(410, '3320151030210520', 3, '2015-10-30 21:05:20', '2015-10-30 21:15:00'),
(411, '3320151030211039', 3, '2015-10-30 21:10:39', '2015-10-30 21:20:00'),
(412, '3320151030211039', 3, '2015-10-30 21:10:39', '2015-10-30 21:20:00'),
(413, '3320151030211041', 3, '2015-10-30 21:10:41', '2015-10-30 21:20:00'),
(414, '3320151030211109', 3, '2015-10-30 21:11:09', '2015-10-30 21:21:00'),
(415, '3320151030211110', 3, '2015-10-30 21:11:10', '2015-10-30 21:21:00'),
(416, '3320151030211131', 3, '2015-10-30 21:11:31', '2015-10-30 21:21:00'),
(417, '3320151030211154', 3, '2015-10-30 21:11:54', '2015-10-30 21:21:00'),
(418, '3320151030211207', 3, '2015-10-30 21:12:07', '2015-10-30 21:22:00'),
(419, '3320151030211500', 3, '2015-10-30 21:15:00', '2015-10-30 21:25:00'),
(420, '3320151030211501', 3, '2015-10-30 21:15:01', '2015-10-30 21:25:00'),
(421, '3320151030211502', 3, '2015-10-30 21:15:02', '2015-10-30 21:25:00'),
(422, '3320151030211823', 3, '2015-10-30 21:18:23', '2015-10-30 21:28:00'),
(423, '3320151030211823', 3, '2015-10-30 21:18:23', '2015-10-30 21:28:00'),
(424, '3320151030211824', 3, '2015-10-30 21:18:24', '2015-10-30 21:28:00'),
(425, '3320151030211840', 3, '2015-10-30 21:18:40', '2015-10-30 21:28:00'),
(426, '3320151030211857', 3, '2015-10-30 21:18:57', '2015-10-30 21:28:00'),
(427, '3320151030211945', 3, '2015-10-30 21:19:45', '2015-10-30 21:29:00'),
(428, '3320151030211945', 3, '2015-10-30 21:19:45', '2015-10-30 21:29:00'),
(429, '3320151030211946', 3, '2015-10-30 21:19:46', '2015-10-30 21:29:00'),
(430, '3320151030212053', 3, '2015-10-30 21:20:53', '2015-10-30 21:30:00'),
(431, '3320151030212053', 3, '2015-10-30 21:20:53', '2015-10-30 21:30:00'),
(432, '3320151030212054', 3, '2015-10-30 21:20:54', '2015-10-30 21:30:00'),
(433, '3320151030212617', 3, '2015-10-30 21:26:17', '2015-10-30 21:36:00'),
(434, '3320151030212617', 3, '2015-10-30 21:26:17', '2015-10-30 21:36:00'),
(435, '3320151030212619', 3, '2015-10-30 21:26:19', '2015-10-30 21:36:00'),
(436, '3320151030213311', 3, '2015-10-30 21:33:11', '2015-10-30 21:43:00'),
(437, '3320151030213312', 3, '2015-10-30 21:33:12', '2015-10-30 21:43:00'),
(438, '3320151030213316', 3, '2015-10-30 21:33:16', '2015-10-30 21:43:00'),
(439, '3320151030213410', 3, '2015-10-30 21:34:10', '2015-10-30 21:44:00'),
(440, '3320151030213411', 3, '2015-10-30 21:34:11', '2015-10-30 21:44:00'),
(441, '3320151030213412', 3, '2015-10-30 21:34:12', '2015-10-30 21:44:00'),
(442, '3320151031103552', 3, '2015-10-31 10:35:52', '2015-10-31 10:45:00'),
(443, '3320151031103552', 3, '2015-10-31 10:35:52', '2015-10-31 10:45:00'),
(444, '3320151031103554', 3, '2015-10-31 10:35:54', '2015-10-31 10:45:00'),
(445, '3320151031103643', 3, '2015-10-31 10:36:43', '2015-10-31 10:46:00'),
(446, '3320151031103643', 3, '2015-10-31 10:36:43', '2015-10-31 10:46:00'),
(447, '3320151031103645', 3, '2015-10-31 10:36:45', '2015-10-31 10:46:00'),
(448, '3320151031103713', 3, '2015-10-31 10:37:13', '2015-10-31 10:47:00'),
(449, '3320151031103714', 3, '2015-10-31 10:37:14', '2015-10-31 10:47:00'),
(450, '3320151031103715', 3, '2015-10-31 10:37:15', '2015-10-31 10:47:00'),
(451, '3320151031103736', 3, '2015-10-31 10:37:36', '2015-10-31 10:47:00'),
(452, '3320151031103736', 3, '2015-10-31 10:37:36', '2015-10-31 10:47:00'),
(453, '3320151031103737', 3, '2015-10-31 10:37:37', '2015-10-31 10:47:00'),
(454, '3320151031103755', 3, '2015-10-31 10:37:55', '2015-10-31 10:47:00'),
(455, '3320151031103755', 3, '2015-10-31 10:37:55', '2015-10-31 10:47:00'),
(456, '3320151031103757', 3, '2015-10-31 10:37:57', '2015-10-31 10:47:00'),
(457, '3320151031103850', 3, '2015-10-31 10:38:50', '2015-10-31 10:48:00'),
(458, '3320151031103850', 3, '2015-10-31 10:38:50', '2015-10-31 10:48:00'),
(459, '3320151031103851', 3, '2015-10-31 10:38:51', '2015-10-31 10:48:00'),
(460, '3320151031103854', 3, '2015-10-31 10:38:54', '2015-10-31 10:48:00'),
(461, '3320151031103923', 3, '2015-10-31 10:39:23', '2015-10-31 10:49:00'),
(462, '3320151031103925', 3, '2015-10-31 10:39:25', '2015-10-31 10:49:00'),
(463, '3320151031103944', 3, '2015-10-31 10:39:44', '2015-10-31 10:49:00'),
(464, '3320151031103944', 3, '2015-10-31 10:39:44', '2015-10-31 10:49:00'),
(465, '3320151031103946', 3, '2015-10-31 10:39:46', '2015-10-31 10:49:00'),
(466, '3320151031104013', 3, '2015-10-31 10:40:13', '2015-10-31 10:50:00'),
(467, '3320151031104013', 3, '2015-10-31 10:40:13', '2015-10-31 10:50:00'),
(468, '3320151031104015', 3, '2015-10-31 10:40:15', '2015-10-31 10:50:00'),
(469, '3320151031104050', 3, '2015-10-31 10:40:50', '2015-10-31 10:50:00'),
(470, '3320151031104051', 3, '2015-10-31 10:40:51', '2015-10-31 10:50:00'),
(471, '3320151031104052', 3, '2015-10-31 10:40:52', '2015-10-31 10:50:00'),
(472, '3320151031104338', 3, '2015-10-31 10:43:38', '2015-10-31 10:53:00'),
(473, '3320151031104338', 3, '2015-10-31 10:43:38', '2015-10-31 10:53:00'),
(474, '3320151031104340', 3, '2015-10-31 10:43:40', '2015-10-31 10:53:00'),
(475, '3320151031104352', 3, '2015-10-31 10:43:52', '2015-10-31 10:53:00'),
(476, '3320151031104403', 3, '2015-10-31 10:44:03', '2015-10-31 10:54:00'),
(477, '3320151031104404', 3, '2015-10-31 10:44:04', '2015-10-31 10:54:00'),
(478, '3320151031104405', 3, '2015-10-31 10:44:05', '2015-10-31 10:54:00'),
(479, '3320151031104439', 3, '2015-10-31 10:44:39', '2015-10-31 10:54:00'),
(480, '3320151031104751', 3, '2015-10-31 10:47:51', '2015-10-31 10:57:00'),
(481, '3320151031104751', 3, '2015-10-31 10:47:51', '2015-10-31 10:57:00'),
(482, '3320151031104752', 3, '2015-10-31 10:47:52', '2015-10-31 10:57:00'),
(483, '3320151031105111', 3, '2015-10-31 10:51:11', '2015-10-31 11:01:00'),
(484, '3320151031105111', 3, '2015-10-31 10:51:11', '2015-10-31 11:01:00'),
(485, '3320151031105113', 3, '2015-10-31 10:51:13', '2015-10-31 11:01:00'),
(486, '3320151031105250', 3, '2015-10-31 10:52:50', '2015-10-31 11:02:00'),
(487, '3320151031105250', 3, '2015-10-31 10:52:50', '2015-10-31 11:02:00'),
(488, '3320151031105251', 3, '2015-10-31 10:52:51', '2015-10-31 11:02:00'),
(489, '3320151101174955', 3, '2015-11-01 17:49:55', '2015-11-01 17:59:00'),
(490, '3320151101174955', 3, '2015-11-01 17:49:55', '2015-11-01 17:59:00'),
(491, '3320151101174958', 3, '2015-11-01 17:49:58', '2015-11-01 17:59:00'),
(492, '3320151101175603', 3, '2015-11-01 17:56:03', '2015-11-01 18:06:00'),
(493, '3320151101175604', 3, '2015-11-01 17:56:04', '2015-11-01 18:06:00'),
(494, '3320151101175606', 3, '2015-11-01 17:56:06', '2015-11-01 18:06:00'),
(495, '3320151101182525', 3, '2015-11-01 18:25:25', '2015-11-01 18:35:00'),
(496, '3320151101182525', 3, '2015-11-01 18:25:25', '2015-11-01 18:35:00'),
(497, '3320151101182526', 3, '2015-11-01 18:25:26', '2015-11-01 18:35:00'),
(498, '3320151101193351', 3, '2015-11-01 19:33:51', '2015-11-01 19:43:00'),
(499, '3320151101193352', 3, '2015-11-01 19:33:52', '2015-11-01 19:43:00'),
(500, '3320151101193353', 3, '2015-11-01 19:33:53', '2015-11-01 19:43:00'),
(501, '3320151101193418', 3, '2015-11-01 19:34:18', '2015-11-01 19:44:00'),
(502, '3320151101193418', 3, '2015-11-01 19:34:18', '2015-11-01 19:44:00'),
(503, '3320151101193419', 3, '2015-11-01 19:34:19', '2015-11-01 19:44:00'),
(504, '3320151101193607', 3, '2015-11-01 19:36:07', '2015-11-01 19:46:00'),
(505, '3320151101193608', 3, '2015-11-01 19:36:08', '2015-11-01 19:46:00'),
(506, '3320151101193609', 3, '2015-11-01 19:36:09', '2015-11-01 19:46:00'),
(507, '3320151101195947', 3, '2015-11-01 19:59:47', '2015-11-01 20:09:00'),
(508, '3320151101195947', 3, '2015-11-01 19:59:47', '2015-11-01 20:09:00'),
(509, '3320151101195948', 3, '2015-11-01 19:59:48', '2015-11-01 20:09:00'),
(510, '3320151101200054', 3, '2015-11-01 20:00:54', '2015-11-01 20:10:00'),
(511, '3320151101200055', 3, '2015-11-01 20:00:55', '2015-11-01 20:10:00'),
(512, '3320151101200056', 3, '2015-11-01 20:00:56', '2015-11-01 20:10:00'),
(513, '3320151101200133', 3, '2015-11-01 20:01:33', '2015-11-01 20:11:00'),
(514, '3320151101200133', 3, '2015-11-01 20:01:33', '2015-11-01 20:11:00'),
(515, '3320151101200134', 3, '2015-11-01 20:01:34', '2015-11-01 20:11:00'),
(516, '3320151101200342', 3, '2015-11-01 20:03:42', '2015-11-01 20:13:00'),
(517, '3320151101200342', 3, '2015-11-01 20:03:42', '2015-11-01 20:13:00'),
(518, '3320151101200344', 3, '2015-11-01 20:03:44', '2015-11-01 20:13:00'),
(519, '3320151102112622', 3, '2015-11-02 11:26:22', '2015-11-02 11:36:00'),
(520, '3320151102112622', 3, '2015-11-02 11:26:22', '2015-11-02 11:36:00'),
(521, '3320151102112623', 3, '2015-11-02 11:26:23', '2015-11-02 11:36:00'),
(522, '3320151102112717', 3, '2015-11-02 11:27:17', '2015-11-02 11:37:00'),
(523, '3320151102112717', 3, '2015-11-02 11:27:17', '2015-11-02 11:37:00'),
(524, '3320151102112718', 3, '2015-11-02 11:27:18', '2015-11-02 11:37:00'),
(525, '3320151102112804', 3, '2015-11-02 11:28:04', '2015-11-02 11:38:00'),
(526, '3320151102112804', 3, '2015-11-02 11:28:04', '2015-11-02 11:38:00'),
(527, '3320151102112806', 3, '2015-11-02 11:28:06', '2015-11-02 11:38:00'),
(528, '3320151102112834', 3, '2015-11-02 11:28:34', '2015-11-02 11:38:00'),
(529, '3320151102112834', 3, '2015-11-02 11:28:34', '2015-11-02 11:38:00'),
(530, '3320151102112835', 3, '2015-11-02 11:28:35', '2015-11-02 11:38:00'),
(531, '3320151102113910', 3, '2015-11-02 11:39:10', '2015-11-02 11:49:00'),
(532, '3320151102113910', 3, '2015-11-02 11:39:10', '2015-11-02 11:49:00'),
(533, '3320151102113912', 3, '2015-11-02 11:39:12', '2015-11-02 11:49:00'),
(534, '3320151102114440', 3, '2015-11-02 11:44:40', '2015-11-02 11:54:00'),
(535, '3320151102114440', 3, '2015-11-02 11:44:40', '2015-11-02 11:54:00'),
(536, '3320151102114441', 3, '2015-11-02 11:44:41', '2015-11-02 11:54:00'),
(537, '3320151102114958', 3, '2015-11-02 11:49:58', '2015-11-02 11:59:00'),
(538, '3320151102114958', 3, '2015-11-02 11:49:58', '2015-11-02 11:59:00'),
(539, '3320151102115000', 3, '2015-11-02 11:50:00', '2015-11-02 12:00:00'),
(540, '3320151102115445', 3, '2015-11-02 11:54:45', '2015-11-02 12:04:00'),
(541, '3320151102115445', 3, '2015-11-02 11:54:45', '2015-11-02 12:04:00'),
(542, '3320151102115447', 3, '2015-11-02 11:54:47', '2015-11-02 12:04:00'),
(543, '3320151102115833', 3, '2015-11-02 11:58:33', '2015-11-02 12:08:00'),
(544, '3320151102115833', 3, '2015-11-02 11:58:33', '2015-11-02 12:08:00'),
(545, '3320151102115833', 3, '2015-11-02 11:58:41', '2015-11-02 11:58:41'),
(546, '3320151102115923', 3, '2015-11-02 11:59:23', '2015-11-02 12:09:00'),
(547, '3320151102115923', 3, '2015-11-02 11:59:23', '2015-11-02 12:09:00'),
(548, '3320151102115926', 3, '2015-11-02 11:59:26', '2015-11-02 12:09:00'),
(549, '3320151102120049', 3, '2015-11-02 12:00:49', '2015-11-02 12:10:00'),
(550, '3320151102120049', 3, '2015-11-02 12:00:49', '2015-11-02 12:10:00'),
(551, '3320151102120055', 3, '2015-11-02 12:00:55', '2015-11-02 12:10:00'),
(552, '3320151102120438', 3, '2015-11-02 12:04:38', '2015-11-02 12:14:00'),
(553, '3320151102120439', 3, '2015-11-02 12:04:39', '2015-11-02 12:14:00'),
(554, '3320151102120441', 3, '2015-11-02 12:04:41', '2015-11-02 12:14:00'),
(555, '3320151102120749', 3, '2015-11-02 12:07:49', '2015-11-02 12:17:00'),
(556, '3320151102120749', 3, '2015-11-02 12:07:49', '2015-11-02 12:17:00'),
(557, '3320151102120751', 3, '2015-11-02 12:07:51', '2015-11-02 12:17:00'),
(558, '3320151102120832', 3, '2015-11-02 12:08:32', '2015-11-02 12:18:00'),
(559, '3320151102120832', 3, '2015-11-02 12:08:32', '2015-11-02 12:18:00'),
(560, '3320151102120834', 3, '2015-11-02 12:08:34', '2015-11-02 12:18:00'),
(561, '3320151102120855', 3, '2015-11-02 12:08:55', '2015-11-02 12:18:00'),
(562, '3320151102120855', 3, '2015-11-02 12:08:55', '2015-11-02 12:18:00'),
(563, '3320151102120857', 3, '2015-11-02 12:08:58', '2015-11-02 12:18:00'),
(564, '3320151102121311', 3, '2015-11-02 12:13:11', '2015-11-02 12:23:00'),
(565, '3320151102121311', 3, '2015-11-02 12:13:11', '2015-11-02 12:23:00'),
(566, '3320151102121328', 3, '2015-11-02 12:13:28', '2015-11-02 12:23:00'),
(567, '3320151102121707', 3, '2015-11-02 12:17:07', '2015-11-02 12:27:00'),
(568, '3320151102121707', 3, '2015-11-02 12:17:07', '2015-11-02 12:27:00'),
(569, '3320151102121709', 3, '2015-11-02 12:17:09', '2015-11-02 12:27:00'),
(570, '3320151102121752', 3, '2015-11-02 12:17:52', '2015-11-02 12:27:00'),
(571, '3320151102121752', 3, '2015-11-02 12:17:52', '2015-11-02 12:27:00'),
(572, '3320151102121754', 3, '2015-11-02 12:17:54', '2015-11-02 12:27:00'),
(573, '3320151102122138', 3, '2015-11-02 12:21:38', '2015-11-02 12:31:00'),
(574, '3320151102122138', 3, '2015-11-02 12:21:38', '2015-11-02 12:31:00'),
(575, '3320151102122140', 3, '2015-11-02 12:21:40', '2015-11-02 12:31:00'),
(576, '3320151102122319', 3, '2015-11-02 12:23:19', '2015-11-02 12:33:00'),
(577, '3320151102122320', 3, '2015-11-02 12:23:20', '2015-11-02 12:33:00'),
(578, '3320151102122326', 3, '2015-11-02 12:23:26', '2015-11-02 12:33:00'),
(579, '3320151102122402', 3, '2015-11-02 12:24:02', '2015-11-02 12:34:00'),
(580, '3320151102122402', 3, '2015-11-02 12:24:02', '2015-11-02 12:34:00'),
(581, '3320151102122405', 3, '2015-11-02 12:24:05', '2015-11-02 12:34:00'),
(582, '3320151102122516', 3, '2015-11-02 12:25:16', '2015-11-02 12:35:00'),
(583, '3320151102122516', 3, '2015-11-02 12:25:16', '2015-11-02 12:35:00'),
(584, '3320151102122520', 3, '2015-11-02 12:25:20', '2015-11-02 12:35:00'),
(585, '3320151102122747', 3, '2015-11-02 12:27:47', '2015-11-02 12:37:00'),
(586, '3320151102122747', 3, '2015-11-02 12:27:47', '2015-11-02 12:37:00'),
(587, '3320151102122749', 3, '2015-11-02 12:27:49', '2015-11-02 12:37:00'),
(588, '3320151102123021', 3, '2015-11-02 12:30:21', '2015-11-02 12:40:00'),
(589, '3320151102123021', 3, '2015-11-02 12:30:21', '2015-11-02 12:40:00'),
(590, '3320151102123023', 3, '2015-11-02 12:30:23', '2015-11-02 12:40:00'),
(591, '3320151102123046', 3, '2015-11-02 12:30:46', '2015-11-02 12:40:00'),
(592, '3320151102123049', 3, '2015-11-02 12:30:49', '2015-11-02 12:40:00'),
(593, '3320151102123120', 3, '2015-11-02 12:31:20', '2015-11-02 12:41:00'),
(594, '3320151102123120', 3, '2015-11-02 12:31:20', '2015-11-02 12:41:00'),
(595, '3320151102123121', 3, '2015-11-02 12:31:21', '2015-11-02 12:41:00'),
(596, '3320151102123257', 3, '2015-11-02 12:32:57', '2015-11-02 12:42:00'),
(597, '3320151102123257', 3, '2015-11-02 12:32:57', '2015-11-02 12:42:00'),
(598, '3320151102123259', 3, '2015-11-02 12:32:59', '2015-11-02 12:42:00'),
(599, '3320151102123329', 3, '2015-11-02 12:33:29', '2015-11-02 12:43:00'),
(600, '3320151102123330', 3, '2015-11-02 12:33:30', '2015-11-02 12:43:00'),
(601, '3320151102123331', 3, '2015-11-02 12:33:31', '2015-11-02 12:43:00'),
(602, '3320151102123429', 3, '2015-11-02 12:34:29', '2015-11-02 12:44:00'),
(603, '3320151102123429', 3, '2015-11-02 12:34:29', '2015-11-02 12:44:00'),
(604, '3320151102123431', 3, '2015-11-02 12:34:31', '2015-11-02 12:44:00'),
(605, '3320151102123756', 3, '2015-11-02 12:37:56', '2015-11-02 12:47:00'),
(606, '3320151102123756', 3, '2015-11-02 12:37:56', '2015-11-02 12:47:00'),
(607, '3320151102123757', 3, '2015-11-02 12:37:57', '2015-11-02 12:47:00'),
(608, '3320151102123954', 3, '2015-11-02 12:39:54', '2015-11-02 12:49:00'),
(609, '3320151102123954', 3, '2015-11-02 12:39:54', '2015-11-02 12:49:00'),
(610, '3320151102123955', 3, '2015-11-02 12:39:55', '2015-11-02 12:49:00'),
(611, '3320151102124039', 3, '2015-11-02 12:40:39', '2015-11-02 12:50:00'),
(612, '3320151102124039', 3, '2015-11-02 12:40:39', '2015-11-02 12:50:00'),
(613, '3320151102124040', 3, '2015-11-02 12:40:40', '2015-11-02 12:50:00'),
(614, '3320151102124323', 3, '2015-11-02 12:43:23', '2015-11-02 12:53:00'),
(615, '3320151102124323', 3, '2015-11-02 12:43:23', '2015-11-02 12:53:00'),
(616, '3320151102124324', 3, '2015-11-02 12:43:24', '2015-11-02 12:53:00'),
(617, '3320151102124414', 3, '2015-11-02 12:44:14', '2015-11-02 12:54:00'),
(618, '3320151102124414', 3, '2015-11-02 12:44:14', '2015-11-02 12:54:00'),
(619, '3320151102124416', 3, '2015-11-02 12:44:16', '2015-11-02 12:54:00'),
(620, '3320151102124443', 3, '2015-11-02 12:44:43', '2015-11-02 12:54:00'),
(621, '3320151102124443', 3, '2015-11-02 12:44:43', '2015-11-02 12:54:00'),
(622, '3320151102124445', 3, '2015-11-02 12:44:45', '2015-11-02 12:54:00'),
(623, '3320151102124612', 3, '2015-11-02 12:46:12', '2015-11-02 12:56:00'),
(624, '3320151102124612', 3, '2015-11-02 12:46:12', '2015-11-02 12:56:00'),
(625, '3320151102124614', 3, '2015-11-02 12:46:14', '2015-11-02 12:56:00'),
(626, '3320151102125010', 3, '2015-11-02 12:50:10', '2015-11-02 13:00:00'),
(627, '3320151102125010', 3, '2015-11-02 12:50:10', '2015-11-02 13:00:00'),
(628, '3320151102125011', 3, '2015-11-02 12:50:11', '2015-11-02 13:00:00'),
(629, '3320151102125126', 3, '2015-11-02 12:51:26', '2015-11-02 13:01:00'),
(630, '3320151102125126', 3, '2015-11-02 12:51:26', '2015-11-02 13:01:00'),
(631, '3320151102125128', 3, '2015-11-02 12:51:28', '2015-11-02 13:01:00'),
(632, '3320151102125222', 3, '2015-11-02 12:52:22', '2015-11-02 13:02:00'),
(633, '3320151102125222', 3, '2015-11-02 12:52:22', '2015-11-02 13:02:00'),
(634, '3320151102125223', 3, '2015-11-02 12:52:23', '2015-11-02 13:02:00'),
(635, '3320151102131127', 3, '2015-11-02 13:11:27', '2015-11-02 13:21:00'),
(636, '3320151102131127', 3, '2015-11-02 13:11:27', '2015-11-02 13:21:00'),
(637, '3320151102131129', 3, '2015-11-02 13:11:29', '2015-11-02 13:21:00'),
(638, '3320151102131609', 3, '2015-11-02 13:16:09', '2015-11-02 13:26:00'),
(639, '3320151102131609', 3, '2015-11-02 13:16:09', '2015-11-02 13:26:00'),
(640, '3320151102131610', 3, '2015-11-02 13:16:10', '2015-11-02 13:26:00'),
(641, '3320151102143849', 3, '2015-11-02 14:38:49', '2015-11-02 14:48:00'),
(642, '3320151102143849', 3, '2015-11-02 14:38:49', '2015-11-02 14:48:00'),
(643, '3320151102143852', 3, '2015-11-02 14:38:52', '2015-11-02 14:48:00'),
(644, '3320151102143949', 3, '2015-11-02 14:39:49', '2015-11-02 14:49:00'),
(645, '3320151102143949', 3, '2015-11-02 14:39:49', '2015-11-02 14:49:00'),
(646, '3320151102143951', 3, '2015-11-02 14:39:51', '2015-11-02 14:49:00'),
(647, '3320151102144040', 3, '2015-11-02 14:40:40', '2015-11-02 14:50:00'),
(648, '3320151102144040', 3, '2015-11-02 14:40:40', '2015-11-02 14:50:00'),
(649, '3320151102144042', 3, '2015-11-02 14:40:42', '2015-11-02 14:50:00'),
(650, '3320151102144239', 3, '2015-11-02 14:42:39', '2015-11-02 14:52:00'),
(651, '3320151102144239', 3, '2015-11-02 14:42:39', '2015-11-02 14:52:00'),
(652, '3320151102144241', 3, '2015-11-02 14:42:41', '2015-11-02 14:52:00'),
(653, '3320151102144323', 3, '2015-11-02 14:43:23', '2015-11-02 14:53:00'),
(654, '3320151102144325', 3, '2015-11-02 14:43:25', '2015-11-02 14:53:00'),
(655, '3320151102144439', 3, '2015-11-02 14:44:39', '2015-11-02 14:54:00'),
(656, '3320151102144439', 3, '2015-11-02 14:44:39', '2015-11-02 14:54:00'),
(657, '3320151102144440', 3, '2015-11-02 14:44:40', '2015-11-02 14:54:00'),
(658, '3320151102145327', 3, '2015-11-02 14:53:27', '2015-11-02 15:03:00'),
(659, '3320151102145327', 3, '2015-11-02 14:53:27', '2015-11-02 15:03:00'),
(660, '3320151102145328', 3, '2015-11-02 14:53:28', '2015-11-02 15:03:00'),
(661, '3320151102145332', 3, '2015-11-02 14:53:32', '2015-11-02 15:03:00'),
(662, '3320151102145512', 3, '2015-11-02 14:55:12', '2015-11-02 15:05:00'),
(663, '3320151102145758', 3, '2015-11-02 14:57:58', '2015-11-02 15:07:00'),
(664, '3320151102145758', 3, '2015-11-02 14:57:58', '2015-11-02 15:07:00'),
(665, '3320151102145801', 3, '2015-11-02 14:58:01', '2015-11-02 15:08:00'),
(666, '3320151102145831', 3, '2015-11-02 14:58:31', '2015-11-02 15:08:00'),
(667, '3320151102145936', 3, '2015-11-02 14:59:36', '2015-11-02 15:09:00'),
(668, '3320151102145936', 3, '2015-11-02 14:59:36', '2015-11-02 15:09:00'),
(669, '3320151102145938', 3, '2015-11-02 14:59:38', '2015-11-02 15:09:00'),
(670, '3320151102150254', 3, '2015-11-02 15:02:54', '2015-11-02 15:12:00'),
(671, '3320151102150255', 3, '2015-11-02 15:02:55', '2015-11-02 15:12:00'),
(672, '3320151102150257', 3, '2015-11-02 15:02:57', '2015-11-02 15:12:00'),
(673, '3320151102150317', 3, '2015-11-02 15:03:17', '2015-11-02 15:13:00'),
(674, '3320151102150317', 3, '2015-11-02 15:03:17', '2015-11-02 15:13:00'),
(675, '3320151102150319', 3, '2015-11-02 15:03:19', '2015-11-02 15:13:00'),
(676, '3320151102150322', 3, '2015-11-02 15:03:22', '2015-11-02 15:13:00');
INSERT INTO `sesiones` (`id`, `numerosesion`, `usuario`, `fechaactual`, `fechacaducidad`) VALUES
(677, '3320151102150353', 3, '2015-11-02 15:03:53', '2015-11-02 15:13:00'),
(678, '3320151102150353', 3, '2015-11-02 15:03:53', '2015-11-02 15:13:00'),
(679, '3320151102150355', 3, '2015-11-02 15:03:55', '2015-11-02 15:13:00'),
(680, '3320151102150429', 3, '2015-11-02 15:04:29', '2015-11-02 15:14:00'),
(681, '3320151102150429', 3, '2015-11-02 15:04:29', '2015-11-02 15:14:00'),
(682, '3320151102150431', 3, '2015-11-02 15:04:31', '2015-11-02 15:14:00'),
(683, '3320151102150514', 3, '2015-11-02 15:05:14', '2015-11-02 15:15:00'),
(684, '3320151102150514', 3, '2015-11-02 15:05:14', '2015-11-02 15:15:00'),
(685, '3320151102150516', 3, '2015-11-02 15:05:16', '2015-11-02 15:15:00'),
(686, '3320151102213045', 3, '2015-11-02 21:30:45', '2015-11-02 21:40:00'),
(687, '3320151102213046', 3, '2015-11-02 21:30:46', '2015-11-02 21:40:00'),
(688, '3320151102213048', 3, '2015-11-02 21:30:48', '2015-11-02 21:40:00'),
(689, '3320151102214618', 3, '2015-11-02 21:46:18', '2015-11-02 21:56:00'),
(690, '3320151102220106', 3, '2015-11-02 22:01:06', '2015-11-02 22:11:00'),
(691, '3320151102220106', 3, '2015-11-02 22:01:06', '2015-11-02 22:11:00'),
(692, '3320151102220107', 3, '2015-11-02 22:01:07', '2015-11-02 22:11:00'),
(693, '3320151102220137', 3, '2015-11-02 22:01:37', '2015-11-02 22:11:00'),
(694, '3320151102221030', 3, '2015-11-02 22:10:30', '2015-11-02 22:20:00'),
(695, '3320151102221050', 3, '2015-11-02 22:10:50', '2015-11-02 22:20:00'),
(696, '3320151102221050', 3, '2015-11-02 22:10:50', '2015-11-02 22:20:00'),
(697, '3320151102221052', 3, '2015-11-02 22:10:52', '2015-11-02 22:20:00'),
(698, '3320151102221148', 3, '2015-11-02 22:11:48', '2015-11-02 22:21:00'),
(699, '3320151102221149', 3, '2015-11-02 22:11:49', '2015-11-02 22:21:00'),
(700, '3320151102221150', 3, '2015-11-02 22:11:50', '2015-11-02 22:21:00'),
(701, '3320151102221213', 3, '2015-11-02 22:12:13', '2015-11-02 22:22:00'),
(702, '3320151102221213', 3, '2015-11-02 22:12:13', '2015-11-02 22:22:00'),
(703, '3320151102221214', 3, '2015-11-02 22:12:14', '2015-11-02 22:22:00'),
(704, '3320151102221940', 3, '2015-11-02 22:19:40', '2015-11-02 22:29:00'),
(705, '3320151102221940', 3, '2015-11-02 22:19:40', '2015-11-02 22:29:00'),
(706, '3320151102221941', 3, '2015-11-02 22:19:41', '2015-11-02 22:29:00'),
(707, '3320151102222112', 3, '2015-11-02 22:21:12', '2015-11-02 22:31:00'),
(708, '3320151102222112', 3, '2015-11-02 22:21:12', '2015-11-02 22:31:00'),
(709, '3320151102222114', 3, '2015-11-02 22:21:14', '2015-11-02 22:31:00'),
(710, '3320151103215851', 3, '2015-11-03 21:58:51', '2015-11-03 22:08:00'),
(711, '3320151103215851', 3, '2015-11-03 21:58:51', '2015-11-03 22:08:00'),
(712, '3320151103215853', 3, '2015-11-03 21:58:53', '2015-11-03 22:08:00'),
(713, '3320151103221929', 3, '2015-11-03 22:19:29', '2015-11-03 22:29:00'),
(714, '3320151103221930', 3, '2015-11-03 22:19:30', '2015-11-03 22:29:00'),
(715, '3320151103221931', 3, '2015-11-03 22:19:31', '2015-11-03 22:29:00'),
(716, '3320151103222036', 3, '2015-11-03 22:20:36', '2015-11-03 22:30:00'),
(717, '3320151103222037', 3, '2015-11-03 22:20:37', '2015-11-03 22:30:00'),
(718, '3320151103222039', 3, '2015-11-03 22:20:39', '2015-11-03 22:30:00'),
(719, '3320151103222255', 3, '2015-11-03 22:22:55', '2015-11-03 22:32:00'),
(720, '3320151103222256', 3, '2015-11-03 22:22:56', '2015-11-03 22:32:00'),
(721, '3320151103222259', 3, '2015-11-03 22:22:59', '2015-11-03 22:32:00'),
(722, '3320151103222321', 3, '2015-11-03 22:23:21', '2015-11-03 22:33:00'),
(723, '3320151103222321', 3, '2015-11-03 22:23:21', '2015-11-03 22:33:00'),
(724, '3320151103222323', 3, '2015-11-03 22:23:23', '2015-11-03 22:33:00');

-- --------------------------------------------------------

--
-- Estructura de tabla para la tabla `usuarios`
--

CREATE TABLE IF NOT EXISTS `usuarios` (
`id` int(11) NOT NULL,
  `email` varchar(200) NOT NULL,
  `pass` varchar(200) NOT NULL,
  `active` tinyint(1) NOT NULL DEFAULT '0'
) ENGINE=InnoDB AUTO_INCREMENT=6 DEFAULT CHARSET=latin1;

--
-- Volcado de datos para la tabla `usuarios`
--

INSERT INTO `usuarios` (`id`, `email`, `pass`, `active`) VALUES
(1, 'invitado', '$2a$08$AG8FfFkrK9l8avmaW9qoquvkvsgsPQD0pmDrKndbdG3EPm7LW2ujS', 1),
(2, 'samu@samu.es', '$2a$08$AG8FfFkrK9l8avmaW9qoquvkvsgsPQD0pmDrKndbdG3EPm7LW2ujS', 1),
(3, 's', '$2a$08$5oBlwWCWiw7hZ6ovUUDMzuvOJWPK7W.BC/zeX/BjekGBuIN4n7FWO', 1),
(4, 'sa', '$2a$08$aaN6ZMGbRmrXrncVip22oejkoqxBHX50jwDPmfjUz8d0.TTh8YW0u', 1),
(5, 'se', '$2a$08$59vxB8XgrYcrGp3mRLq9I.bh597zeJXQT/ljvEhYWQkzVK8QVdKH2', 1);

--
-- Índices para tablas volcadas
--

--
-- Indices de la tabla `roles`
--
ALTER TABLE `roles`
 ADD PRIMARY KEY (`id`);

--
-- Indices de la tabla `sesiones`
--
ALTER TABLE `sesiones`
 ADD PRIMARY KEY (`id`), ADD KEY `usuarios_idx` (`usuario`);

--
-- Indices de la tabla `usuarios`
--
ALTER TABLE `usuarios`
 ADD PRIMARY KEY (`id`), ADD UNIQUE KEY `email_UNIQUE` (`email`);

--
-- AUTO_INCREMENT de las tablas volcadas
--

--
-- AUTO_INCREMENT de la tabla `roles`
--
ALTER TABLE `roles`
MODIFY `id` int(11) NOT NULL AUTO_INCREMENT,AUTO_INCREMENT=6;
--
-- AUTO_INCREMENT de la tabla `sesiones`
--
ALTER TABLE `sesiones`
MODIFY `id` int(11) NOT NULL AUTO_INCREMENT,AUTO_INCREMENT=725;
--
-- AUTO_INCREMENT de la tabla `usuarios`
--
ALTER TABLE `usuarios`
MODIFY `id` int(11) NOT NULL AUTO_INCREMENT,AUTO_INCREMENT=6;
/*!40101 SET CHARACTER_SET_CLIENT=@OLD_CHARACTER_SET_CLIENT */;
/*!40101 SET CHARACTER_SET_RESULTS=@OLD_CHARACTER_SET_RESULTS */;
/*!40101 SET COLLATION_CONNECTION=@OLD_COLLATION_CONNECTION */;
