-- phpMyAdmin SQL Dump
-- version 4.2.11
-- http://www.phpmyadmin.net
--
-- Servidor: 127.0.0.1
-- Tiempo de generación: 10-11-2015 a las 01:03:35
-- Versión del servidor: 5.6.21
-- Versión de PHP: 5.6.3

SET SQL_MODE = "NO_AUTO_VALUE_ON_ZERO";
SET time_zone = "+00:00";


/*!40101 SET @OLD_CHARACTER_SET_CLIENT=@@CHARACTER_SET_CLIENT */;
/*!40101 SET @OLD_CHARACTER_SET_RESULTS=@@CHARACTER_SET_RESULTS */;
/*!40101 SET @OLD_COLLATION_CONNECTION=@@COLLATION_CONNECTION */;
/*!40101 SET NAMES utf8 */;

--
-- Base de datos: `dbg`
--

-- --------------------------------------------------------

--
-- Estructura de tabla para la tabla `fotos`
--

CREATE TABLE IF NOT EXISTS `fotos` (
`id` int(11) NOT NULL,
  `nombre` varchar(300) NOT NULL,
  `fotobinaria` longblob NOT NULL,
  `tipo` varchar(255) NOT NULL
) ENGINE=InnoDB DEFAULT CHARSET=latin1;

-- --------------------------------------------------------

--
-- Estructura de tabla para la tabla `personas`
--

CREATE TABLE IF NOT EXISTS `personas` (
`id` int(11) NOT NULL,
  `dni` varchar(200) NOT NULL,
  `nombre` varchar(200) NOT NULL,
  `apellido1` varchar(200) NOT NULL,
  `apellido2` varchar(200) NOT NULL
) ENGINE=InnoDB DEFAULT CHARSET=latin1;

-- --------------------------------------------------------

--
-- Estructura de tabla para la tabla `personasfotos`
--

CREATE TABLE IF NOT EXISTS `personasfotos` (
  `idpersona` int(11) DEFAULT NULL,
  `idfoto` int(11) DEFAULT NULL
) ENGINE=InnoDB DEFAULT CHARSET=latin1;

-- --------------------------------------------------------

--
-- Estructura de tabla para la tabla `personastipos`
--

CREATE TABLE IF NOT EXISTS `personastipos` (
  `idpersona` int(11) DEFAULT NULL,
  `idtipo` int(11) DEFAULT NULL
) ENGINE=InnoDB DEFAULT CHARSET=latin1;

-- --------------------------------------------------------

--
-- Estructura de tabla para la tabla `personasusuarios`
--

CREATE TABLE IF NOT EXISTS `personasusuarios` (
  `idpersona` int(11) DEFAULT NULL,
  `idusuario` int(11) DEFAULT NULL
) ENGINE=InnoDB DEFAULT CHARSET=latin1;

-- --------------------------------------------------------

--
-- Estructura de tabla para la tabla `roles`
--

CREATE TABLE IF NOT EXISTS `roles` (
`id` int(11) NOT NULL,
  `nombre` varchar(200) NOT NULL
) ENGINE=InnoDB AUTO_INCREMENT=6 DEFAULT CHARSET=latin1;

--
-- Volcado de datos para la tabla `roles`
--

INSERT INTO `roles` (`id`, `nombre`) VALUES
(1, 'invitado'),
(2, 'superuser'),
(3, 'administrador'),
(4, 'profe'),
(5, 'padre');

-- --------------------------------------------------------

--
-- Estructura de tabla para la tabla `rolesusuarios`
--

CREATE TABLE IF NOT EXISTS `rolesusuarios` (
  `idusuario` int(11) NOT NULL,
  `idrol` int(11) NOT NULL
) ENGINE=InnoDB DEFAULT CHARSET=latin1;

--
-- Volcado de datos para la tabla `rolesusuarios`
--

INSERT INTO `rolesusuarios` (`idusuario`, `idrol`) VALUES
(2, 2),
(1, 1),
(5, 1),
(3, 3),
(4, 1),
(6, 1);

-- --------------------------------------------------------

--
-- Estructura de tabla para la tabla `sesiones`
--

CREATE TABLE IF NOT EXISTS `sesiones` (
`id` int(11) NOT NULL,
  `numerosesion` varchar(200) NOT NULL,
  `usuario` int(11) NOT NULL,
  `fechaactual` datetime DEFAULT NULL,
  `fechacaducidad` datetime DEFAULT NULL
) ENGINE=InnoDB AUTO_INCREMENT=1228 DEFAULT CHARSET=latin1;

--
-- Volcado de datos para la tabla `sesiones`
--

INSERT INTO `sesiones` (`id`, `numerosesion`, `usuario`, `fechaactual`, `fechacaducidad`) VALUES
(1, '', 1, '2015-09-24 00:00:00', '2015-09-24 00:00:00'),
(2, 'xxxx', 1, '2015-10-18 12:44:12', '2015-10-18 12:54:00'),
(3, '1420151018130449', 1, '2015-10-18 13:04:49', '2015-10-18 13:14:00'),
(4, '1420151018130537', 1, '2015-10-18 13:05:37', '2015-10-18 13:15:00'),
(5, '5120151018155433', 5, '2015-10-18 15:54:33', '2015-10-18 16:04:00'),
(6, '5120151018155707', 5, '2015-10-18 15:57:07', '2015-10-18 16:07:00'),
(7, '5120151018155722', 5, '2015-10-18 15:57:22', '2015-10-18 16:07:00'),
(8, '5120151018155753', 5, '2015-10-18 15:57:53', '2015-10-18 16:07:00'),
(9, '5120151018161035', 5, '2015-10-18 16:10:35', '2015-10-18 16:20:00'),
(10, '1420151018161047', 1, '2015-10-18 16:10:47', '2015-10-18 16:20:00'),
(11, '1420151018161653', 1, '2015-10-18 16:16:53', '2015-10-18 16:26:00'),
(12, '1420151018164748', 1, '2015-10-18 16:47:48', '2015-10-18 16:57:00'),
(13, '1420151018222636', 1, '2015-10-18 22:26:36', '2015-10-18 22:36:00'),
(14, '1420151018222636', 1, '2015-10-18 22:30:42', '2015-10-18 22:30:42'),
(15, '1420151018222636', 1, '2015-10-18 22:30:54', '2015-10-18 22:30:54'),
(16, '5120151018224358', 5, '2015-10-18 22:43:58', '2015-10-18 22:53:00'),
(17, '5120151018224416', 5, '2015-10-18 22:44:16', '2015-10-18 22:54:00'),
(18, '5120151018224416', 5, '2015-10-18 22:44:22', '2015-10-18 22:44:22'),
(19, '2420151018225928', 2, '2015-10-18 22:59:28', '2015-10-18 23:09:00'),
(20, '2420151018225928', 2, '2015-10-18 22:59:34', '2015-10-18 22:59:34'),
(21, '1120151018225945', 1, '2015-10-18 22:59:45', '2015-10-18 23:09:00'),
(22, '1120151018225945', 1, '2015-10-18 22:59:53', '2015-10-18 22:59:53'),
(23, '5120151019011016', 5, '2015-10-19 01:10:16', '2015-10-19 01:20:00'),
(24, '5120151019011016', 5, '2015-10-19 01:10:16', '2015-10-19 01:10:16'),
(25, '5120151019011048', 5, '2015-10-19 01:10:48', '2015-10-19 01:20:00'),
(26, '5120151019011048', 5, '2015-10-19 01:10:48', '2015-10-19 01:10:48'),
(27, '5120151019011142', 5, '2015-10-19 01:11:42', '2015-10-19 01:21:00'),
(28, '5120151019011142', 5, '2015-10-19 01:11:42', '2015-10-19 01:11:42'),
(29, '5120151019011340', 5, '2015-10-19 01:13:40', '2015-10-19 01:23:00'),
(30, '5120151019011340', 5, '2015-10-19 01:13:40', '2015-10-19 01:13:40'),
(31, '5120151019011404', 5, '2015-10-19 01:14:04', '2015-10-19 01:24:00'),
(32, '5120151019011404', 5, '2015-10-19 01:14:04', '2015-10-19 01:14:04'),
(33, '5120151019011453', 5, '2015-10-19 01:14:53', '2015-10-19 01:24:00'),
(34, '5120151019011453', 5, '2015-10-19 01:14:53', '2015-10-19 01:14:53'),
(35, '5120151019011623', 5, '2015-10-19 01:16:23', '2015-10-19 01:26:00'),
(36, '5120151019011623', 5, '2015-10-19 01:16:23', '2015-10-19 01:16:23'),
(37, '5120151019011929', 5, '2015-10-19 01:19:29', '2015-10-19 01:29:00'),
(38, '5120151019011929', 5, '2015-10-19 01:19:29', '2015-10-19 01:19:29'),
(39, '5120151019012050', 5, '2015-10-19 01:20:50', '2015-10-19 01:30:00'),
(40, '5120151019012050', 5, '2015-10-19 01:20:50', '2015-10-19 01:20:50'),
(41, '5120151019012050', 5, '2015-10-19 01:20:50', '2015-10-19 01:20:50'),
(42, '5120151019012050', 5, '2015-10-19 01:21:07', '2015-10-19 01:21:07'),
(43, '5120151019012050', 5, '2015-10-19 01:21:10', '2015-10-19 01:21:10'),
(44, '5120151019012050', 5, '2015-10-19 01:21:13', '2015-10-19 01:21:13'),
(45, '5120151019012050', 5, '2015-10-19 01:21:14', '2015-10-19 01:21:14'),
(46, '5120151019012321', 5, '2015-10-19 01:23:21', '2015-10-19 01:33:00'),
(47, '5120151019012321', 5, '2015-10-19 01:23:22', '2015-10-19 01:23:22'),
(48, '5120151019012321', 5, '2015-10-19 01:23:22', '2015-10-19 01:23:22'),
(49, '5120151019012321', 5, '2015-10-19 01:24:15', '2015-10-19 01:24:15'),
(50, '5120151019012321', 5, '2015-10-19 01:24:19', '2015-10-19 01:24:19'),
(51, '5120151019012321', 5, '2015-10-19 01:24:22', '2015-10-19 01:24:22'),
(52, '5120151019012321', 5, '2015-10-19 01:24:24', '2015-10-19 01:24:24'),
(53, '5120151019012321', 5, '2015-10-19 01:24:26', '2015-10-19 01:24:26'),
(54, '5120151019012321', 5, '2015-10-19 01:24:28', '2015-10-19 01:24:28'),
(55, '5120151019012321', 5, '2015-10-19 01:25:08', '2015-10-19 01:25:08'),
(56, '5120151019012321', 5, '2015-10-19 01:25:09', '2015-10-19 01:25:09'),
(57, '5120151019012321', 5, '2015-10-19 01:25:09', '2015-10-19 01:25:09'),
(58, '2420151019012526', 2, '2015-10-19 01:25:26', '2015-10-19 01:35:00'),
(59, '2420151019012526', 2, '2015-10-19 01:25:26', '2015-10-19 01:25:26'),
(60, '2420151019012526', 2, '2015-10-19 01:25:26', '2015-10-19 01:25:26'),
(61, '2420151019012526', 2, '2015-10-19 01:25:31', '2015-10-19 01:25:31'),
(62, '2420151019012526', 2, '2015-10-19 01:25:33', '2015-10-19 01:25:33'),
(63, '2420151019012526', 2, '2015-10-19 01:25:34', '2015-10-19 01:25:34'),
(64, '2420151019012526', 2, '2015-10-19 01:25:47', '2015-10-19 01:25:47'),
(65, '5120151019012628', 5, '2015-10-19 01:26:28', '2015-10-19 01:36:00'),
(66, '5120151019012628', 5, '2015-10-19 01:26:50', '2015-10-19 01:26:50'),
(67, '3320151019194829', 3, '2015-10-19 19:48:29', '2015-10-19 19:58:00'),
(68, '3320151019195331', 3, '2015-10-19 19:53:31', '2015-10-19 20:03:00'),
(69, '3320151019195331', 3, '2015-10-19 19:59:16', '2015-10-19 19:59:16'),
(70, '3320151019195926', 3, '2015-10-19 19:59:26', '2015-10-19 20:09:00'),
(71, '3320151019195926', 3, '2015-10-19 19:59:31', '2015-10-19 19:59:31'),
(72, '3320151019211742', 3, '2015-10-19 21:17:42', '2015-10-19 21:27:00'),
(73, '3320151019211742', 3, '2015-10-19 21:20:00', '2015-10-19 21:20:00'),
(74, '3320151019212234', 3, '2015-10-19 21:22:34', '2015-10-19 21:32:00'),
(75, '3320151019212234', 3, '2015-10-19 21:29:36', '2015-10-19 21:29:36'),
(76, '3320151019213246', 3, '2015-10-19 21:32:46', '2015-10-19 21:42:00'),
(77, '3320151019213246', 3, '2015-10-19 21:32:57', '2015-10-19 21:32:57'),
(78, '3320151019215300', 3, '2015-10-19 21:53:00', '2015-10-19 22:03:00'),
(79, '3320151021203818', 3, '2015-10-21 20:38:18', '2015-10-21 20:48:00'),
(80, '3320151021210931', 3, '2015-10-21 21:09:31', '2015-10-21 21:19:00'),
(81, '3320151021210931', 3, '2015-10-21 22:12:47', '2015-10-21 22:12:47'),
(82, '3320151021210931', 3, '2015-10-21 22:12:58', '2015-10-21 22:12:58'),
(83, '3320151021210931', 3, '2015-10-21 22:13:00', '2015-10-21 22:13:00'),
(84, '3320151021222226', 3, '2015-10-21 22:22:26', '2015-10-21 22:32:00'),
(85, '3320151021222226', 3, '2015-10-21 22:29:39', '2015-10-21 22:29:39'),
(86, '3320151021222226', 3, '2015-10-21 22:30:08', '2015-10-21 22:30:08'),
(87, '3320151021223013', 3, '2015-10-21 22:30:13', '2015-10-21 22:40:00'),
(88, '3320151021223013', 3, '2015-10-21 22:30:14', '2015-10-21 22:30:14'),
(89, '3320151021223013', 3, '2015-10-21 22:30:19', '2015-10-21 22:30:19'),
(90, '3320151021223013', 3, '2015-10-22 00:41:05', '2015-10-22 00:41:05'),
(91, '3320151021223013', 3, '2015-10-22 00:41:09', '2015-10-22 00:41:09'),
(92, '3320151021223013', 3, '2015-10-22 00:41:10', '2015-10-22 00:41:10'),
(93, '3320151021223013', 3, '2015-10-22 00:41:20', '2015-10-22 00:41:20'),
(94, '3320151021223013', 3, '2015-10-22 00:42:06', '2015-10-22 00:42:06'),
(95, '3320151022004257', 3, '2015-10-22 00:42:57', '2015-10-22 00:52:00'),
(96, '3320151022004614', 3, '2015-10-22 00:46:14', '2015-10-22 00:56:00'),
(97, '3320151022004653', 3, '2015-10-22 00:46:53', '2015-10-22 00:56:00'),
(98, '3320151022004730', 3, '2015-10-22 00:47:30', '2015-10-22 00:57:00'),
(99, '3320151022004732', 3, '2015-10-22 00:47:32', '2015-10-22 00:57:00'),
(100, '3320151022004741', 3, '2015-10-22 00:47:41', '2015-10-22 00:57:00'),
(101, '3320151022004744', 3, '2015-10-22 00:47:44', '2015-10-22 00:57:00'),
(102, '3320151022004801', 3, '2015-10-22 00:48:01', '2015-10-22 00:58:00'),
(103, '3320151022010106', 3, '2015-10-22 01:01:06', '2015-10-22 01:11:00'),
(104, '3320151022010122', 3, '2015-10-22 01:01:22', '2015-10-22 01:11:00'),
(105, '3320151022010122', 3, '2015-10-22 01:04:48', '2015-10-22 01:04:48'),
(106, '3320151022010515', 3, '2015-10-22 01:05:15', '2015-10-22 01:15:00'),
(107, '3320151022010515', 3, '2015-10-22 01:05:20', '2015-10-22 01:05:20'),
(108, '3320151022010525', 3, '2015-10-22 01:05:25', '2015-10-22 01:15:00'),
(109, '3320151022010525', 3, '2015-10-22 01:05:43', '2015-10-22 01:05:43'),
(110, '3320151022010608', 3, '2015-10-22 01:06:08', '2015-10-22 01:16:00'),
(111, '3320151022010608', 3, '2015-10-22 01:06:08', '2015-10-22 01:16:00'),
(112, '3320151022010610', 3, '2015-10-22 01:06:10', '2015-10-22 01:16:00'),
(113, '3320151022010612', 3, '2015-10-22 01:06:12', '2015-10-22 01:16:00'),
(114, '3320151022010616', 3, '2015-10-22 01:06:16', '2015-10-22 01:16:00'),
(115, '3320151022010608', 3, '2015-10-22 01:06:18', '2015-10-22 01:06:18'),
(116, '3320151022010717', 3, '2015-10-22 01:07:17', '2015-10-22 01:17:00'),
(117, '3320151022010717', 3, '2015-10-22 01:07:17', '2015-10-22 01:17:00'),
(118, '3320151022010727', 3, '2015-10-22 01:07:27', '2015-10-22 01:17:00'),
(119, '3320151022010734', 3, '2015-10-22 01:07:34', '2015-10-22 01:17:00'),
(120, '3320151022010742', 3, '2015-10-22 01:07:42', '2015-10-22 01:17:00'),
(121, '3320151022010717', 3, '2015-10-22 01:07:48', '2015-10-22 01:07:48'),
(122, '3320151022011222', 3, '2015-10-22 01:12:22', '2015-10-22 01:22:00'),
(123, '3320151022011222', 3, '2015-10-22 01:12:22', '2015-10-22 01:22:00'),
(124, '3320151022011224', 3, '2015-10-22 01:12:24', '2015-10-22 01:22:00'),
(125, '3320151022011235', 3, '2015-10-22 01:12:35', '2015-10-22 01:22:00'),
(126, '3320151022011235', 3, '2015-10-22 01:12:35', '2015-10-22 01:22:00'),
(127, '3320151022011237', 3, '2015-10-22 01:12:37', '2015-10-22 01:22:00'),
(128, '3320151022015701', 3, '2015-10-22 01:57:01', '2015-10-22 02:07:00'),
(129, '3320151022015701', 3, '2015-10-22 01:57:01', '2015-10-22 02:07:00'),
(130, '3320151022015703', 3, '2015-10-22 01:57:03', '2015-10-22 02:07:00'),
(131, '3320151022015701', 3, '2015-10-22 01:57:04', '2015-10-22 01:57:04'),
(132, '3320151022015738', 3, '2015-10-22 01:57:38', '2015-10-22 02:07:00'),
(133, '3320151022015738', 3, '2015-10-22 01:57:38', '2015-10-22 02:07:00'),
(134, '3320151022015740', 3, '2015-10-22 01:57:40', '2015-10-22 02:07:00'),
(135, '3320151022015742', 3, '2015-10-22 01:57:42', '2015-10-22 02:07:00'),
(136, '3320151022015828', 3, '2015-10-22 01:58:28', '2015-10-22 02:08:00'),
(137, '3320151022015828', 3, '2015-10-22 01:58:28', '2015-10-22 02:08:00'),
(138, '3320151022015830', 3, '2015-10-22 01:58:30', '2015-10-22 02:08:00'),
(139, '3320151022015851', 3, '2015-10-22 01:58:51', '2015-10-22 02:08:00'),
(140, '3320151022015828', 3, '2015-10-22 01:58:53', '2015-10-22 01:58:53'),
(141, '3320151022015859', 3, '2015-10-22 01:58:59', '2015-10-22 02:08:00'),
(142, '3320151022015900', 3, '2015-10-22 01:59:00', '2015-10-22 02:09:00'),
(143, '3320151022015901', 3, '2015-10-22 01:59:01', '2015-10-22 02:09:00'),
(144, '3320151022015930', 3, '2015-10-22 01:59:30', '2015-10-22 02:09:00'),
(145, '3320151022015935', 3, '2015-10-22 01:59:35', '2015-10-22 02:09:00'),
(146, '3320151022015936', 3, '2015-10-22 01:59:36', '2015-10-22 02:09:00'),
(147, '3320151022015944', 3, '2015-10-22 01:59:44', '2015-10-22 02:09:00'),
(148, '3320151022015949', 3, '2015-10-22 01:59:49', '2015-10-22 02:09:00'),
(149, '3320151022015952', 3, '2015-10-22 01:59:52', '2015-10-22 02:09:00'),
(150, '3320151022015954', 3, '2015-10-22 01:59:54', '2015-10-22 02:09:00'),
(151, '3320151022020005', 3, '2015-10-22 02:00:05', '2015-10-22 02:10:00'),
(152, '3320151022020010', 3, '2015-10-22 02:00:10', '2015-10-22 02:10:00'),
(153, '3320151022020017', 3, '2015-10-22 02:00:17', '2015-10-22 02:10:00'),
(154, '3320151022020020', 3, '2015-10-22 02:00:20', '2015-10-22 02:10:00'),
(155, '3320151022015859', 3, '2015-10-22 02:00:28', '2015-10-22 02:00:28'),
(156, '3320151022020146', 3, '2015-10-22 02:01:46', '2015-10-22 02:11:00'),
(157, '3320151022020146', 3, '2015-10-22 02:01:46', '2015-10-22 02:11:00'),
(158, '3320151022020147', 3, '2015-10-22 02:01:47', '2015-10-22 02:11:00'),
(159, '3320151022020214', 3, '2015-10-22 02:02:14', '2015-10-22 02:12:00'),
(160, '3320151022020227', 3, '2015-10-22 02:02:27', '2015-10-22 02:12:00'),
(161, '3320151022020259', 3, '2015-10-22 02:02:59', '2015-10-22 02:12:00'),
(162, '3320151022020402', 3, '2015-10-22 02:04:02', '2015-10-22 02:14:00'),
(163, '3320151022020556', 3, '2015-10-22 02:05:56', '2015-10-22 02:15:00'),
(164, '3320151022020706', 3, '2015-10-22 02:07:06', '2015-10-22 02:17:00'),
(165, '3320151022020709', 3, '2015-10-22 02:07:09', '2015-10-22 02:17:00'),
(166, '3320151022020735', 3, '2015-10-22 02:07:35', '2015-10-22 02:17:00'),
(167, '3320151022020744', 3, '2015-10-22 02:07:44', '2015-10-22 02:17:00'),
(168, '3320151022020804', 3, '2015-10-22 02:08:04', '2015-10-22 02:18:00'),
(169, '3320151022020916', 3, '2015-10-22 02:09:16', '2015-10-22 02:19:00'),
(170, '3320151022020942', 3, '2015-10-22 02:09:42', '2015-10-22 02:19:00'),
(171, '3320151022020944', 3, '2015-10-22 02:09:44', '2015-10-22 02:19:00'),
(172, '3320151022021013', 3, '2015-10-22 02:10:13', '2015-10-22 02:20:00'),
(173, '3320151022021015', 3, '2015-10-22 02:10:15', '2015-10-22 02:20:00'),
(174, '3320151022021054', 3, '2015-10-22 02:10:54', '2015-10-22 02:20:00'),
(175, '3320151022021055', 3, '2015-10-22 02:10:55', '2015-10-22 02:20:00'),
(176, '3320151022021111', 3, '2015-10-22 02:11:11', '2015-10-22 02:21:00'),
(177, '3320151022021113', 3, '2015-10-22 02:11:13', '2015-10-22 02:21:00'),
(178, '3320151022021143', 3, '2015-10-22 02:11:43', '2015-10-22 02:21:00'),
(179, '3320151022021250', 3, '2015-10-22 02:12:50', '2015-10-22 02:22:00'),
(180, '3320151022021318', 3, '2015-10-22 02:13:18', '2015-10-22 02:23:00'),
(181, '3320151022021441', 3, '2015-10-22 02:14:41', '2015-10-22 02:24:00'),
(182, '3320151022021503', 3, '2015-10-22 02:15:03', '2015-10-22 02:25:00'),
(183, '3320151022021526', 3, '2015-10-22 02:15:26', '2015-10-22 02:25:00'),
(184, '3320151022021605', 3, '2015-10-22 02:16:05', '2015-10-22 02:26:00'),
(185, '3320151022021630', 3, '2015-10-22 02:16:30', '2015-10-22 02:26:00'),
(186, '3320151022021735', 3, '2015-10-22 02:17:35', '2015-10-22 02:27:00'),
(187, '3320151022021814', 3, '2015-10-22 02:18:14', '2015-10-22 02:28:00'),
(188, '3320151022021829', 3, '2015-10-22 02:18:29', '2015-10-22 02:28:00'),
(189, '3320151022021905', 3, '2015-10-22 02:19:05', '2015-10-22 02:29:00'),
(190, '3320151022021934', 3, '2015-10-22 02:19:34', '2015-10-22 02:29:00'),
(191, '3320151022021956', 3, '2015-10-22 02:19:56', '2015-10-22 02:29:00'),
(192, '3320151022022014', 3, '2015-10-22 02:20:14', '2015-10-22 02:30:00'),
(193, '3320151022022101', 3, '2015-10-22 02:21:01', '2015-10-22 02:31:00'),
(194, '3320151022022236', 3, '2015-10-22 02:22:36', '2015-10-22 02:32:00'),
(195, '3320151022022300', 3, '2015-10-22 02:23:00', '2015-10-22 02:33:00'),
(196, '3320151022022346', 3, '2015-10-22 02:23:46', '2015-10-22 02:33:00'),
(197, '3320151022022523', 3, '2015-10-22 02:25:23', '2015-10-22 02:35:00'),
(198, '3320151022022525', 3, '2015-10-22 02:25:25', '2015-10-22 02:35:00'),
(199, '3320151022022548', 3, '2015-10-22 02:25:48', '2015-10-22 02:35:00'),
(200, '3320151022022612', 3, '2015-10-22 02:26:12', '2015-10-22 02:36:00'),
(201, '3320151022022627', 3, '2015-10-22 02:26:27', '2015-10-22 02:36:00'),
(202, '3320151022022640', 3, '2015-10-22 02:26:40', '2015-10-22 02:36:00'),
(203, '3320151022022855', 3, '2015-10-22 02:28:55', '2015-10-22 02:38:00'),
(204, '3320151022022934', 3, '2015-10-22 02:29:34', '2015-10-22 02:39:00'),
(205, '3320151022022936', 3, '2015-10-22 02:29:36', '2015-10-22 02:39:00'),
(206, '3320151022023000', 3, '2015-10-22 02:30:00', '2015-10-22 02:40:00'),
(207, '3320151022023037', 3, '2015-10-22 02:30:37', '2015-10-22 02:40:00'),
(208, '3320151022023144', 3, '2015-10-22 02:31:44', '2015-10-22 02:41:00'),
(209, '3320151022023233', 3, '2015-10-22 02:32:33', '2015-10-22 02:42:00'),
(210, '3320151022023250', 3, '2015-10-22 02:32:50', '2015-10-22 02:42:00'),
(211, '3320151022213131', 3, '2015-10-22 21:31:31', '2015-10-22 21:41:00'),
(212, '3320151024131058', 3, '2015-10-24 13:10:58', '2015-10-24 13:20:00'),
(213, '3320151024131058', 3, '2015-10-24 13:10:58', '2015-10-24 13:20:00'),
(214, '3320151024131100', 3, '2015-10-24 13:11:00', '2015-10-24 13:21:00'),
(215, '3320151024131119', 3, '2015-10-24 13:11:19', '2015-10-24 13:21:00'),
(216, '3320151024131120', 3, '2015-10-24 13:11:20', '2015-10-24 13:21:00'),
(217, '3320151024131121', 3, '2015-10-24 13:11:21', '2015-10-24 13:21:00'),
(218, '3320151024131314', 3, '2015-10-24 13:13:14', '2015-10-24 13:23:00'),
(219, '3320151024131415', 3, '2015-10-24 13:14:15', '2015-10-24 13:24:00'),
(220, '3320151024131453', 3, '2015-10-24 13:14:53', '2015-10-24 13:24:00'),
(221, '3320151024131455', 3, '2015-10-24 13:14:55', '2015-10-24 13:24:00'),
(222, '3320151024131457', 3, '2015-10-24 13:14:57', '2015-10-24 13:24:00'),
(223, '3320151024131524', 3, '2015-10-24 13:15:24', '2015-10-24 13:25:00'),
(224, '3320151024131549', 3, '2015-10-24 13:15:49', '2015-10-24 13:25:00'),
(225, '3320151024131603', 3, '2015-10-24 13:16:03', '2015-10-24 13:26:00'),
(226, '3320151024131743', 3, '2015-10-24 13:17:43', '2015-10-24 13:27:00'),
(227, '3320151024131909', 3, '2015-10-24 13:19:09', '2015-10-24 13:29:00'),
(228, '3320151024131918', 3, '2015-10-24 13:19:18', '2015-10-24 13:29:00'),
(229, '3320151024132214', 3, '2015-10-24 13:22:14', '2015-10-24 13:32:00'),
(230, '3320151024132249', 3, '2015-10-24 13:22:49', '2015-10-24 13:32:00'),
(231, '3320151024133832', 3, '2015-10-24 13:38:32', '2015-10-24 13:48:00'),
(232, '3320151024133853', 3, '2015-10-24 13:38:53', '2015-10-24 13:48:00'),
(233, '3320151024133915', 3, '2015-10-24 13:39:15', '2015-10-24 13:49:00'),
(234, '3320151024134017', 3, '2015-10-24 13:40:17', '2015-10-24 13:50:00'),
(235, '3320151024134029', 3, '2015-10-24 13:40:29', '2015-10-24 13:50:00'),
(236, '3320151024134047', 3, '2015-10-24 13:40:47', '2015-10-24 13:50:00'),
(237, '3320151024134130', 3, '2015-10-24 13:41:30', '2015-10-24 13:51:00'),
(238, '3320151024134234', 3, '2015-10-24 13:42:34', '2015-10-24 13:52:00'),
(239, '3320151024134847', 3, '2015-10-24 13:48:47', '2015-10-24 13:58:00'),
(240, '3320151024134901', 3, '2015-10-24 13:49:01', '2015-10-24 13:59:00'),
(241, '3320151024134915', 3, '2015-10-24 13:49:15', '2015-10-24 13:59:00'),
(242, '3320151024134950', 3, '2015-10-24 13:49:50', '2015-10-24 13:59:00'),
(243, '3320151024135005', 3, '2015-10-24 13:50:05', '2015-10-24 14:00:00'),
(244, '3320151024135022', 3, '2015-10-24 13:50:22', '2015-10-24 14:00:00'),
(245, '3320151024135104', 3, '2015-10-24 13:51:04', '2015-10-24 14:01:00'),
(246, '3320151024135116', 3, '2015-10-24 13:51:16', '2015-10-24 14:01:00'),
(247, '3320151024135146', 3, '2015-10-24 13:51:46', '2015-10-24 14:01:00'),
(248, '3320151024135202', 3, '2015-10-24 13:52:02', '2015-10-24 14:02:00'),
(249, '3320151024135219', 3, '2015-10-24 13:52:19', '2015-10-24 14:02:00'),
(250, '3320151024135302', 3, '2015-10-24 13:53:02', '2015-10-24 14:03:00'),
(251, '3320151025025622', 3, '2015-10-25 02:56:22', '2015-10-25 03:06:00'),
(252, '3320151025025624', 3, '2015-10-25 02:56:24', '2015-10-25 03:06:00'),
(253, '3320151025025627', 3, '2015-10-25 02:56:27', '2015-10-25 03:06:00'),
(254, '3320151025025637', 3, '2015-10-25 02:56:37', '2015-10-25 03:06:00'),
(255, '3320151025025755', 3, '2015-10-25 02:57:55', '2015-10-25 03:07:00'),
(256, '3320151025025810', 3, '2015-10-25 02:58:10', '2015-10-25 03:08:00'),
(257, '3320151025120122', 3, '2015-10-25 12:01:22', '2015-10-25 12:11:00'),
(258, '3320151025120127', 3, '2015-10-25 12:01:27', '2015-10-25 12:11:00'),
(259, '3320151025120130', 3, '2015-10-25 12:01:30', '2015-10-25 12:11:00'),
(260, '3320151025120504', 3, '2015-10-25 12:05:04', '2015-10-25 12:15:00'),
(261, '3320151025120628', 3, '2015-10-25 12:06:28', '2015-10-25 12:16:00'),
(262, '3320151025121429', 3, '2015-10-25 12:14:29', '2015-10-25 12:24:00'),
(263, '3320151025121446', 3, '2015-10-25 12:14:46', '2015-10-25 12:24:00'),
(264, '3320151025121458', 3, '2015-10-25 12:14:58', '2015-10-25 12:24:00'),
(265, '3320151025121647', 3, '2015-10-25 12:16:47', '2015-10-25 12:26:00'),
(266, '3320151025121815', 3, '2015-10-25 12:18:15', '2015-10-25 12:28:00'),
(267, '3320151025121852', 3, '2015-10-25 12:18:52', '2015-10-25 12:28:00'),
(268, '3320151025121902', 3, '2015-10-25 12:19:02', '2015-10-25 12:29:00'),
(269, '3320151025124032', 3, '2015-10-25 12:40:32', '2015-10-25 12:50:00'),
(270, '3320151025124056', 3, '2015-10-25 12:40:56', '2015-10-25 12:50:00'),
(271, '3320151025124118', 3, '2015-10-25 12:41:18', '2015-10-25 12:51:00'),
(272, '3320151025124149', 3, '2015-10-25 12:41:49', '2015-10-25 12:51:00'),
(273, '3320151025124410', 3, '2015-10-25 12:44:10', '2015-10-25 12:54:00'),
(274, '3320151025124500', 3, '2015-10-25 12:45:00', '2015-10-25 12:55:00'),
(275, '3320151025124642', 3, '2015-10-25 12:46:42', '2015-10-25 12:56:00'),
(276, '3320151025125109', 3, '2015-10-25 12:51:09', '2015-10-25 13:01:00'),
(277, '3320151025125205', 3, '2015-10-25 12:52:05', '2015-10-25 13:02:00'),
(278, '3320151025125302', 3, '2015-10-25 12:53:02', '2015-10-25 13:03:00'),
(279, '3320151025125430', 3, '2015-10-25 12:54:30', '2015-10-25 13:04:00'),
(280, '3320151025125820', 3, '2015-10-25 12:58:20', '2015-10-25 13:08:00'),
(281, '3320151025125905', 3, '2015-10-25 12:59:05', '2015-10-25 13:09:00'),
(282, '3320151025130109', 3, '2015-10-25 13:01:09', '2015-10-25 13:11:00'),
(283, '3320151025131304', 3, '2015-10-25 13:13:04', '2015-10-25 13:23:00'),
(284, '3320151026200055', 3, '2015-10-26 20:00:55', '2015-10-26 20:10:00'),
(285, '3320151026200935', 3, '2015-10-26 20:09:35', '2015-10-26 20:19:00'),
(286, '3320151026201111', 3, '2015-10-26 20:11:11', '2015-10-26 20:21:00'),
(287, '3320151026201212', 3, '2015-10-26 20:12:12', '2015-10-26 20:22:00'),
(288, '3320151026201253', 3, '2015-10-26 20:12:53', '2015-10-26 20:22:00'),
(289, '3320151026203537', 3, '2015-10-26 20:35:37', '2015-10-26 20:45:00'),
(290, '3320151026203638', 3, '2015-10-26 20:36:38', '2015-10-26 20:46:00'),
(291, '3320151026203638', 3, '2015-10-26 20:36:38', '2015-10-26 20:46:00'),
(292, '3320151026203640', 3, '2015-10-26 20:36:40', '2015-10-26 20:46:00'),
(293, '3320151026203834', 3, '2015-10-26 20:38:34', '2015-10-26 20:48:00'),
(294, '3320151026204449', 3, '2015-10-26 20:44:49', '2015-10-26 20:54:00'),
(295, '3320151026204531', 3, '2015-10-26 20:45:31', '2015-10-26 20:55:00'),
(296, '3320151026204626', 3, '2015-10-26 20:46:26', '2015-10-26 20:56:00'),
(297, '3320151026204918', 3, '2015-10-26 20:49:18', '2015-10-26 20:59:00'),
(298, '3320151026204937', 3, '2015-10-26 20:49:37', '2015-10-26 20:59:00'),
(299, '3320151026205750', 3, '2015-10-26 20:57:50', '2015-10-26 21:07:00'),
(300, '3320151026205808', 3, '2015-10-26 20:58:08', '2015-10-26 21:08:00'),
(301, '3320151026205813', 3, '2015-10-26 20:58:13', '2015-10-26 21:08:00'),
(302, '3320151026205820', 3, '2015-10-26 20:58:20', '2015-10-26 21:08:00'),
(303, '3320151026205820', 3, '2015-10-26 20:58:20', '2015-10-26 21:08:00'),
(304, '3320151026205822', 3, '2015-10-26 20:58:22', '2015-10-26 21:08:00'),
(305, '3320151026205842', 3, '2015-10-26 20:58:42', '2015-10-26 21:08:00'),
(306, '3320151026205951', 3, '2015-10-26 20:59:51', '2015-10-26 21:09:00'),
(307, '3320151026205951', 3, '2015-10-26 20:59:51', '2015-10-26 21:09:00'),
(308, '3320151026205954', 3, '2015-10-26 20:59:54', '2015-10-26 21:09:00'),
(309, '3320151026210115', 3, '2015-10-26 21:01:15', '2015-10-26 21:11:00'),
(310, '3320151026210221', 3, '2015-10-26 21:02:21', '2015-10-26 21:12:00'),
(311, '3320151026210658', 3, '2015-10-26 21:06:58', '2015-10-26 21:16:00'),
(312, '3320151026210821', 3, '2015-10-26 21:08:21', '2015-10-26 21:18:00'),
(313, '3320151026210822', 3, '2015-10-26 21:08:22', '2015-10-26 21:18:00'),
(314, '3320151026210823', 3, '2015-10-26 21:08:23', '2015-10-26 21:18:00'),
(315, '3320151026210945', 3, '2015-10-26 21:09:45', '2015-10-26 21:19:00'),
(316, '3320151026211021', 3, '2015-10-26 21:10:21', '2015-10-26 21:20:00'),
(317, '3320151026211245', 3, '2015-10-26 21:12:45', '2015-10-26 21:22:00'),
(318, '3320151026211308', 3, '2015-10-26 21:13:08', '2015-10-26 21:23:00'),
(319, '3320151026211308', 3, '2015-10-26 21:13:08', '2015-10-26 21:23:00'),
(320, '3320151026211310', 3, '2015-10-26 21:13:10', '2015-10-26 21:23:00'),
(321, '3320151026211327', 3, '2015-10-26 21:13:27', '2015-10-26 21:23:00'),
(322, '3320151026211327', 3, '2015-10-26 21:13:27', '2015-10-26 21:23:00'),
(323, '3320151026211329', 3, '2015-10-26 21:13:29', '2015-10-26 21:23:00'),
(324, '3320151026211415', 3, '2015-10-26 21:14:15', '2015-10-26 21:24:00'),
(325, '3320151026211444', 3, '2015-10-26 21:14:44', '2015-10-26 21:24:00'),
(326, '3320151026211455', 3, '2015-10-26 21:14:55', '2015-10-26 21:24:00'),
(327, '3320151026211540', 3, '2015-10-26 21:15:40', '2015-10-26 21:25:00'),
(328, '3320151026211554', 3, '2015-10-26 21:15:54', '2015-10-26 21:25:00'),
(329, '3320151026211715', 3, '2015-10-26 21:17:15', '2015-10-26 21:27:00'),
(330, '3320151027000154', 3, '2015-10-27 00:01:54', '2015-10-27 00:11:00'),
(331, '3320151027000338', 3, '2015-10-27 00:03:38', '2015-10-27 00:13:00'),
(332, '3320151027000409', 3, '2015-10-27 00:04:09', '2015-10-27 00:14:00'),
(333, '3320151027000424', 3, '2015-10-27 00:04:24', '2015-10-27 00:14:00'),
(334, '3320151027000759', 3, '2015-10-27 00:07:59', '2015-10-27 00:17:00'),
(335, '3320151027000759', 3, '2015-10-27 00:07:59', '2015-10-27 00:17:00'),
(336, '3320151027000801', 3, '2015-10-27 00:08:01', '2015-10-27 00:18:00'),
(337, '3320151028235315', 3, '2015-10-28 23:53:15', '2015-10-29 00:03:00'),
(338, '3320151028235315', 3, '2015-10-28 23:53:15', '2015-10-29 00:03:00'),
(339, '3320151028235323', 3, '2015-10-28 23:53:23', '2015-10-29 00:03:00'),
(340, '3320151029001416', 3, '2015-10-29 00:14:16', '2015-10-29 00:24:00'),
(341, '3320151029001416', 3, '2015-10-29 00:14:16', '2015-10-29 00:24:00'),
(342, '3320151029001417', 3, '2015-10-29 00:14:17', '2015-10-29 00:24:00'),
(343, '3320151029001501', 3, '2015-10-29 00:15:01', '2015-10-29 00:25:00'),
(344, '3320151029001416', 3, '2015-10-29 00:15:22', '2015-10-29 00:15:22'),
(345, '3320151029002515', 3, '2015-10-29 00:25:15', '2015-10-29 00:35:00'),
(346, '3320151029002515', 3, '2015-10-29 00:25:15', '2015-10-29 00:35:00'),
(347, '3320151029002530', 3, '2015-10-29 00:25:30', '2015-10-29 00:35:00'),
(348, '3320151029002530', 3, '2015-10-29 00:25:30', '2015-10-29 00:35:00'),
(349, '3320151029002533', 3, '2015-10-29 00:25:33', '2015-10-29 00:35:00'),
(350, '3320151029003703', 3, '2015-10-29 00:37:03', '2015-10-29 00:47:00'),
(351, '3320151029003703', 3, '2015-10-29 00:37:03', '2015-10-29 00:47:00'),
(352, '3320151029003706', 3, '2015-10-29 00:37:06', '2015-10-29 00:47:00'),
(353, '3320151029003720', 3, '2015-10-29 00:37:20', '2015-10-29 00:47:00'),
(354, '3320151029003720', 3, '2015-10-29 00:37:20', '2015-10-29 00:47:00'),
(355, '3320151029003721', 3, '2015-10-29 00:37:21', '2015-10-29 00:47:00'),
(356, '3320151029003737', 3, '2015-10-29 00:37:37', '2015-10-29 00:47:00'),
(357, '3320151029003737', 3, '2015-10-29 00:37:37', '2015-10-29 00:47:00'),
(358, '3320151029003739', 3, '2015-10-29 00:37:39', '2015-10-29 00:47:00'),
(359, '3320151029003811', 3, '2015-10-29 00:38:11', '2015-10-29 00:48:00'),
(360, '3320151029003812', 3, '2015-10-29 00:38:12', '2015-10-29 00:48:00'),
(361, '3320151029003813', 3, '2015-10-29 00:38:13', '2015-10-29 00:48:00'),
(362, '3320151029003817', 3, '2015-10-29 00:38:17', '2015-10-29 00:48:00'),
(363, '3320151029003823', 3, '2015-10-29 00:38:23', '2015-10-29 00:48:00'),
(364, '3320151029003828', 3, '2015-10-29 00:38:28', '2015-10-29 00:48:00'),
(365, '3320151029003829', 3, '2015-10-29 00:38:29', '2015-10-29 00:48:00'),
(366, '3320151029003833', 3, '2015-10-29 00:38:33', '2015-10-29 00:48:00'),
(367, '3320151029003836', 3, '2015-10-29 00:38:36', '2015-10-29 00:48:00'),
(368, '3320151029003839', 3, '2015-10-29 00:38:39', '2015-10-29 00:48:00'),
(369, '3320151029003842', 3, '2015-10-29 00:38:42', '2015-10-29 00:48:00'),
(370, '3320151029003847', 3, '2015-10-29 00:38:47', '2015-10-29 00:48:00'),
(371, '3320151029004043', 3, '2015-10-29 00:40:43', '2015-10-29 00:50:00'),
(372, '3320151029004045', 3, '2015-10-29 00:40:45', '2015-10-29 00:50:00'),
(373, '3320151029004107', 3, '2015-10-29 00:41:07', '2015-10-29 00:51:00'),
(374, '3320151029004107', 3, '2015-10-29 00:41:07', '2015-10-29 00:51:00'),
(375, '3320151029004109', 3, '2015-10-29 00:41:09', '2015-10-29 00:51:00'),
(376, '3320151029004644', 3, '2015-10-29 00:46:44', '2015-10-29 00:56:00'),
(377, '3320151029004644', 3, '2015-10-29 00:46:44', '2015-10-29 00:56:00'),
(378, '3320151029004708', 3, '2015-10-29 00:47:08', '2015-10-29 00:57:00'),
(379, '3320151029004708', 3, '2015-10-29 00:47:08', '2015-10-29 00:57:00'),
(380, '3320151029004711', 3, '2015-10-29 00:47:11', '2015-10-29 00:57:00'),
(381, '3320151029004743', 3, '2015-10-29 00:47:43', '2015-10-29 00:57:00'),
(382, '3320151029004817', 3, '2015-10-29 00:48:17', '2015-10-29 00:58:00'),
(383, '3320151029004821', 3, '2015-10-29 00:48:21', '2015-10-29 00:58:00'),
(384, '3320151029004823', 3, '2015-10-29 00:48:23', '2015-10-29 00:58:00'),
(385, '3320151029004842', 3, '2015-10-29 00:48:42', '2015-10-29 00:58:00'),
(386, '3320151029004843', 3, '2015-10-29 00:48:43', '2015-10-29 00:58:00'),
(387, '3320151029004844', 3, '2015-10-29 00:48:44', '2015-10-29 00:58:00'),
(388, '3320151029004954', 3, '2015-10-29 00:49:54', '2015-10-29 00:59:00'),
(389, '3320151029004954', 3, '2015-10-29 00:49:54', '2015-10-29 00:59:00'),
(390, '3320151029004956', 3, '2015-10-29 00:49:56', '2015-10-29 00:59:00'),
(391, '3320151029005012', 3, '2015-10-29 00:50:12', '2015-10-29 01:00:00'),
(392, '3320151029005047', 3, '2015-10-29 00:50:47', '2015-10-29 01:00:00'),
(393, '3320151029005114', 3, '2015-10-29 00:51:14', '2015-10-29 01:01:00'),
(394, '3320151029194152', 3, '2015-10-29 19:41:53', '2015-10-29 19:51:00'),
(395, '3320151029194153', 3, '2015-10-29 19:41:53', '2015-10-29 19:51:00'),
(396, '3320151029194156', 3, '2015-10-29 19:41:56', '2015-10-29 19:51:00'),
(397, '3320151029194314', 3, '2015-10-29 19:43:14', '2015-10-29 19:53:00'),
(398, '3320151029194314', 3, '2015-10-29 19:43:14', '2015-10-29 19:53:00'),
(399, '3320151029194315', 3, '2015-10-29 19:43:15', '2015-10-29 19:53:00'),
(400, '3320151029194757', 3, '2015-10-29 19:47:57', '2015-10-29 19:57:00'),
(401, '3320151029202358', 3, '2015-10-29 20:23:58', '2015-10-29 20:33:00'),
(402, '3320151030204751', 3, '2015-10-30 20:47:51', '2015-10-30 20:57:00'),
(403, '3320151030204752', 3, '2015-10-30 20:47:52', '2015-10-30 20:57:00'),
(404, '3320151030204753', 3, '2015-10-30 20:47:53', '2015-10-30 20:57:00'),
(405, '3320151030205012', 3, '2015-10-30 20:50:12', '2015-10-30 21:00:00'),
(406, '3320151030205012', 3, '2015-10-30 20:50:12', '2015-10-30 21:00:00'),
(407, '3320151030205014', 3, '2015-10-30 20:50:14', '2015-10-30 21:00:00'),
(408, '3320151030210518', 3, '2015-10-30 21:05:18', '2015-10-30 21:15:00'),
(409, '3320151030210519', 3, '2015-10-30 21:05:19', '2015-10-30 21:15:00'),
(410, '3320151030210520', 3, '2015-10-30 21:05:20', '2015-10-30 21:15:00'),
(411, '3320151030211039', 3, '2015-10-30 21:10:39', '2015-10-30 21:20:00'),
(412, '3320151030211039', 3, '2015-10-30 21:10:39', '2015-10-30 21:20:00'),
(413, '3320151030211041', 3, '2015-10-30 21:10:41', '2015-10-30 21:20:00'),
(414, '3320151030211109', 3, '2015-10-30 21:11:09', '2015-10-30 21:21:00'),
(415, '3320151030211110', 3, '2015-10-30 21:11:10', '2015-10-30 21:21:00'),
(416, '3320151030211131', 3, '2015-10-30 21:11:31', '2015-10-30 21:21:00'),
(417, '3320151030211154', 3, '2015-10-30 21:11:54', '2015-10-30 21:21:00'),
(418, '3320151030211207', 3, '2015-10-30 21:12:07', '2015-10-30 21:22:00'),
(419, '3320151030211500', 3, '2015-10-30 21:15:00', '2015-10-30 21:25:00'),
(420, '3320151030211501', 3, '2015-10-30 21:15:01', '2015-10-30 21:25:00'),
(421, '3320151030211502', 3, '2015-10-30 21:15:02', '2015-10-30 21:25:00'),
(422, '3320151030211823', 3, '2015-10-30 21:18:23', '2015-10-30 21:28:00'),
(423, '3320151030211823', 3, '2015-10-30 21:18:23', '2015-10-30 21:28:00'),
(424, '3320151030211824', 3, '2015-10-30 21:18:24', '2015-10-30 21:28:00'),
(425, '3320151030211840', 3, '2015-10-30 21:18:40', '2015-10-30 21:28:00'),
(426, '3320151030211857', 3, '2015-10-30 21:18:57', '2015-10-30 21:28:00'),
(427, '3320151030211945', 3, '2015-10-30 21:19:45', '2015-10-30 21:29:00'),
(428, '3320151030211945', 3, '2015-10-30 21:19:45', '2015-10-30 21:29:00'),
(429, '3320151030211946', 3, '2015-10-30 21:19:46', '2015-10-30 21:29:00'),
(430, '3320151030212053', 3, '2015-10-30 21:20:53', '2015-10-30 21:30:00'),
(431, '3320151030212053', 3, '2015-10-30 21:20:53', '2015-10-30 21:30:00'),
(432, '3320151030212054', 3, '2015-10-30 21:20:54', '2015-10-30 21:30:00'),
(433, '3320151030212617', 3, '2015-10-30 21:26:17', '2015-10-30 21:36:00'),
(434, '3320151030212617', 3, '2015-10-30 21:26:17', '2015-10-30 21:36:00'),
(435, '3320151030212619', 3, '2015-10-30 21:26:19', '2015-10-30 21:36:00'),
(436, '3320151030213311', 3, '2015-10-30 21:33:11', '2015-10-30 21:43:00'),
(437, '3320151030213312', 3, '2015-10-30 21:33:12', '2015-10-30 21:43:00'),
(438, '3320151030213316', 3, '2015-10-30 21:33:16', '2015-10-30 21:43:00'),
(439, '3320151030213410', 3, '2015-10-30 21:34:10', '2015-10-30 21:44:00'),
(440, '3320151030213411', 3, '2015-10-30 21:34:11', '2015-10-30 21:44:00'),
(441, '3320151030213412', 3, '2015-10-30 21:34:12', '2015-10-30 21:44:00'),
(442, '3320151031103552', 3, '2015-10-31 10:35:52', '2015-10-31 10:45:00'),
(443, '3320151031103552', 3, '2015-10-31 10:35:52', '2015-10-31 10:45:00'),
(444, '3320151031103554', 3, '2015-10-31 10:35:54', '2015-10-31 10:45:00'),
(445, '3320151031103643', 3, '2015-10-31 10:36:43', '2015-10-31 10:46:00'),
(446, '3320151031103643', 3, '2015-10-31 10:36:43', '2015-10-31 10:46:00'),
(447, '3320151031103645', 3, '2015-10-31 10:36:45', '2015-10-31 10:46:00'),
(448, '3320151031103713', 3, '2015-10-31 10:37:13', '2015-10-31 10:47:00'),
(449, '3320151031103714', 3, '2015-10-31 10:37:14', '2015-10-31 10:47:00'),
(450, '3320151031103715', 3, '2015-10-31 10:37:15', '2015-10-31 10:47:00'),
(451, '3320151031103736', 3, '2015-10-31 10:37:36', '2015-10-31 10:47:00'),
(452, '3320151031103736', 3, '2015-10-31 10:37:36', '2015-10-31 10:47:00'),
(453, '3320151031103737', 3, '2015-10-31 10:37:37', '2015-10-31 10:47:00'),
(454, '3320151031103755', 3, '2015-10-31 10:37:55', '2015-10-31 10:47:00'),
(455, '3320151031103755', 3, '2015-10-31 10:37:55', '2015-10-31 10:47:00'),
(456, '3320151031103757', 3, '2015-10-31 10:37:57', '2015-10-31 10:47:00'),
(457, '3320151031103850', 3, '2015-10-31 10:38:50', '2015-10-31 10:48:00'),
(458, '3320151031103850', 3, '2015-10-31 10:38:50', '2015-10-31 10:48:00'),
(459, '3320151031103851', 3, '2015-10-31 10:38:51', '2015-10-31 10:48:00'),
(460, '3320151031103854', 3, '2015-10-31 10:38:54', '2015-10-31 10:48:00'),
(461, '3320151031103923', 3, '2015-10-31 10:39:23', '2015-10-31 10:49:00'),
(462, '3320151031103925', 3, '2015-10-31 10:39:25', '2015-10-31 10:49:00'),
(463, '3320151031103944', 3, '2015-10-31 10:39:44', '2015-10-31 10:49:00'),
(464, '3320151031103944', 3, '2015-10-31 10:39:44', '2015-10-31 10:49:00'),
(465, '3320151031103946', 3, '2015-10-31 10:39:46', '2015-10-31 10:49:00'),
(466, '3320151031104013', 3, '2015-10-31 10:40:13', '2015-10-31 10:50:00'),
(467, '3320151031104013', 3, '2015-10-31 10:40:13', '2015-10-31 10:50:00'),
(468, '3320151031104015', 3, '2015-10-31 10:40:15', '2015-10-31 10:50:00'),
(469, '3320151031104050', 3, '2015-10-31 10:40:50', '2015-10-31 10:50:00'),
(470, '3320151031104051', 3, '2015-10-31 10:40:51', '2015-10-31 10:50:00'),
(471, '3320151031104052', 3, '2015-10-31 10:40:52', '2015-10-31 10:50:00'),
(472, '3320151031104338', 3, '2015-10-31 10:43:38', '2015-10-31 10:53:00'),
(473, '3320151031104338', 3, '2015-10-31 10:43:38', '2015-10-31 10:53:00'),
(474, '3320151031104340', 3, '2015-10-31 10:43:40', '2015-10-31 10:53:00'),
(475, '3320151031104352', 3, '2015-10-31 10:43:52', '2015-10-31 10:53:00'),
(476, '3320151031104403', 3, '2015-10-31 10:44:03', '2015-10-31 10:54:00'),
(477, '3320151031104404', 3, '2015-10-31 10:44:04', '2015-10-31 10:54:00'),
(478, '3320151031104405', 3, '2015-10-31 10:44:05', '2015-10-31 10:54:00'),
(479, '3320151031104439', 3, '2015-10-31 10:44:39', '2015-10-31 10:54:00'),
(480, '3320151031104751', 3, '2015-10-31 10:47:51', '2015-10-31 10:57:00'),
(481, '3320151031104751', 3, '2015-10-31 10:47:51', '2015-10-31 10:57:00'),
(482, '3320151031104752', 3, '2015-10-31 10:47:52', '2015-10-31 10:57:00'),
(483, '3320151031105111', 3, '2015-10-31 10:51:11', '2015-10-31 11:01:00'),
(484, '3320151031105111', 3, '2015-10-31 10:51:11', '2015-10-31 11:01:00'),
(485, '3320151031105113', 3, '2015-10-31 10:51:13', '2015-10-31 11:01:00'),
(486, '3320151031105250', 3, '2015-10-31 10:52:50', '2015-10-31 11:02:00'),
(487, '3320151031105250', 3, '2015-10-31 10:52:50', '2015-10-31 11:02:00'),
(488, '3320151031105251', 3, '2015-10-31 10:52:51', '2015-10-31 11:02:00'),
(489, '3320151101174955', 3, '2015-11-01 17:49:55', '2015-11-01 17:59:00'),
(490, '3320151101174955', 3, '2015-11-01 17:49:55', '2015-11-01 17:59:00'),
(491, '3320151101174958', 3, '2015-11-01 17:49:58', '2015-11-01 17:59:00'),
(492, '3320151101175603', 3, '2015-11-01 17:56:03', '2015-11-01 18:06:00'),
(493, '3320151101175604', 3, '2015-11-01 17:56:04', '2015-11-01 18:06:00'),
(494, '3320151101175606', 3, '2015-11-01 17:56:06', '2015-11-01 18:06:00'),
(495, '3320151101182525', 3, '2015-11-01 18:25:25', '2015-11-01 18:35:00'),
(496, '3320151101182525', 3, '2015-11-01 18:25:25', '2015-11-01 18:35:00'),
(497, '3320151101182526', 3, '2015-11-01 18:25:26', '2015-11-01 18:35:00'),
(498, '3320151101193351', 3, '2015-11-01 19:33:51', '2015-11-01 19:43:00'),
(499, '3320151101193352', 3, '2015-11-01 19:33:52', '2015-11-01 19:43:00'),
(500, '3320151101193353', 3, '2015-11-01 19:33:53', '2015-11-01 19:43:00'),
(501, '3320151101193418', 3, '2015-11-01 19:34:18', '2015-11-01 19:44:00'),
(502, '3320151101193418', 3, '2015-11-01 19:34:18', '2015-11-01 19:44:00'),
(503, '3320151101193419', 3, '2015-11-01 19:34:19', '2015-11-01 19:44:00'),
(504, '3320151101193607', 3, '2015-11-01 19:36:07', '2015-11-01 19:46:00'),
(505, '3320151101193608', 3, '2015-11-01 19:36:08', '2015-11-01 19:46:00'),
(506, '3320151101193609', 3, '2015-11-01 19:36:09', '2015-11-01 19:46:00'),
(507, '3320151101195947', 3, '2015-11-01 19:59:47', '2015-11-01 20:09:00'),
(508, '3320151101195947', 3, '2015-11-01 19:59:47', '2015-11-01 20:09:00'),
(509, '3320151101195948', 3, '2015-11-01 19:59:48', '2015-11-01 20:09:00'),
(510, '3320151101200054', 3, '2015-11-01 20:00:54', '2015-11-01 20:10:00'),
(511, '3320151101200055', 3, '2015-11-01 20:00:55', '2015-11-01 20:10:00'),
(512, '3320151101200056', 3, '2015-11-01 20:00:56', '2015-11-01 20:10:00'),
(513, '3320151101200133', 3, '2015-11-01 20:01:33', '2015-11-01 20:11:00'),
(514, '3320151101200133', 3, '2015-11-01 20:01:33', '2015-11-01 20:11:00'),
(515, '3320151101200134', 3, '2015-11-01 20:01:34', '2015-11-01 20:11:00'),
(516, '3320151101200342', 3, '2015-11-01 20:03:42', '2015-11-01 20:13:00'),
(517, '3320151101200342', 3, '2015-11-01 20:03:42', '2015-11-01 20:13:00'),
(518, '3320151101200344', 3, '2015-11-01 20:03:44', '2015-11-01 20:13:00'),
(519, '3320151102112622', 3, '2015-11-02 11:26:22', '2015-11-02 11:36:00'),
(520, '3320151102112622', 3, '2015-11-02 11:26:22', '2015-11-02 11:36:00'),
(521, '3320151102112623', 3, '2015-11-02 11:26:23', '2015-11-02 11:36:00'),
(522, '3320151102112717', 3, '2015-11-02 11:27:17', '2015-11-02 11:37:00'),
(523, '3320151102112717', 3, '2015-11-02 11:27:17', '2015-11-02 11:37:00'),
(524, '3320151102112718', 3, '2015-11-02 11:27:18', '2015-11-02 11:37:00'),
(525, '3320151102112804', 3, '2015-11-02 11:28:04', '2015-11-02 11:38:00'),
(526, '3320151102112804', 3, '2015-11-02 11:28:04', '2015-11-02 11:38:00'),
(527, '3320151102112806', 3, '2015-11-02 11:28:06', '2015-11-02 11:38:00'),
(528, '3320151102112834', 3, '2015-11-02 11:28:34', '2015-11-02 11:38:00'),
(529, '3320151102112834', 3, '2015-11-02 11:28:34', '2015-11-02 11:38:00'),
(530, '3320151102112835', 3, '2015-11-02 11:28:35', '2015-11-02 11:38:00'),
(531, '3320151102113910', 3, '2015-11-02 11:39:10', '2015-11-02 11:49:00'),
(532, '3320151102113910', 3, '2015-11-02 11:39:10', '2015-11-02 11:49:00'),
(533, '3320151102113912', 3, '2015-11-02 11:39:12', '2015-11-02 11:49:00'),
(534, '3320151102114440', 3, '2015-11-02 11:44:40', '2015-11-02 11:54:00'),
(535, '3320151102114440', 3, '2015-11-02 11:44:40', '2015-11-02 11:54:00'),
(536, '3320151102114441', 3, '2015-11-02 11:44:41', '2015-11-02 11:54:00'),
(537, '3320151102114958', 3, '2015-11-02 11:49:58', '2015-11-02 11:59:00'),
(538, '3320151102114958', 3, '2015-11-02 11:49:58', '2015-11-02 11:59:00'),
(539, '3320151102115000', 3, '2015-11-02 11:50:00', '2015-11-02 12:00:00'),
(540, '3320151102115445', 3, '2015-11-02 11:54:45', '2015-11-02 12:04:00'),
(541, '3320151102115445', 3, '2015-11-02 11:54:45', '2015-11-02 12:04:00'),
(542, '3320151102115447', 3, '2015-11-02 11:54:47', '2015-11-02 12:04:00'),
(543, '3320151102115833', 3, '2015-11-02 11:58:33', '2015-11-02 12:08:00'),
(544, '3320151102115833', 3, '2015-11-02 11:58:33', '2015-11-02 12:08:00'),
(545, '3320151102115833', 3, '2015-11-02 11:58:41', '2015-11-02 11:58:41'),
(546, '3320151102115923', 3, '2015-11-02 11:59:23', '2015-11-02 12:09:00'),
(547, '3320151102115923', 3, '2015-11-02 11:59:23', '2015-11-02 12:09:00'),
(548, '3320151102115926', 3, '2015-11-02 11:59:26', '2015-11-02 12:09:00'),
(549, '3320151102120049', 3, '2015-11-02 12:00:49', '2015-11-02 12:10:00'),
(550, '3320151102120049', 3, '2015-11-02 12:00:49', '2015-11-02 12:10:00'),
(551, '3320151102120055', 3, '2015-11-02 12:00:55', '2015-11-02 12:10:00'),
(552, '3320151102120438', 3, '2015-11-02 12:04:38', '2015-11-02 12:14:00'),
(553, '3320151102120439', 3, '2015-11-02 12:04:39', '2015-11-02 12:14:00'),
(554, '3320151102120441', 3, '2015-11-02 12:04:41', '2015-11-02 12:14:00'),
(555, '3320151102120749', 3, '2015-11-02 12:07:49', '2015-11-02 12:17:00'),
(556, '3320151102120749', 3, '2015-11-02 12:07:49', '2015-11-02 12:17:00'),
(557, '3320151102120751', 3, '2015-11-02 12:07:51', '2015-11-02 12:17:00'),
(558, '3320151102120832', 3, '2015-11-02 12:08:32', '2015-11-02 12:18:00'),
(559, '3320151102120832', 3, '2015-11-02 12:08:32', '2015-11-02 12:18:00'),
(560, '3320151102120834', 3, '2015-11-02 12:08:34', '2015-11-02 12:18:00'),
(561, '3320151102120855', 3, '2015-11-02 12:08:55', '2015-11-02 12:18:00'),
(562, '3320151102120855', 3, '2015-11-02 12:08:55', '2015-11-02 12:18:00'),
(563, '3320151102120857', 3, '2015-11-02 12:08:58', '2015-11-02 12:18:00'),
(564, '3320151102121311', 3, '2015-11-02 12:13:11', '2015-11-02 12:23:00'),
(565, '3320151102121311', 3, '2015-11-02 12:13:11', '2015-11-02 12:23:00'),
(566, '3320151102121328', 3, '2015-11-02 12:13:28', '2015-11-02 12:23:00'),
(567, '3320151102121707', 3, '2015-11-02 12:17:07', '2015-11-02 12:27:00'),
(568, '3320151102121707', 3, '2015-11-02 12:17:07', '2015-11-02 12:27:00'),
(569, '3320151102121709', 3, '2015-11-02 12:17:09', '2015-11-02 12:27:00'),
(570, '3320151102121752', 3, '2015-11-02 12:17:52', '2015-11-02 12:27:00'),
(571, '3320151102121752', 3, '2015-11-02 12:17:52', '2015-11-02 12:27:00'),
(572, '3320151102121754', 3, '2015-11-02 12:17:54', '2015-11-02 12:27:00'),
(573, '3320151102122138', 3, '2015-11-02 12:21:38', '2015-11-02 12:31:00'),
(574, '3320151102122138', 3, '2015-11-02 12:21:38', '2015-11-02 12:31:00'),
(575, '3320151102122140', 3, '2015-11-02 12:21:40', '2015-11-02 12:31:00'),
(576, '3320151102122319', 3, '2015-11-02 12:23:19', '2015-11-02 12:33:00'),
(577, '3320151102122320', 3, '2015-11-02 12:23:20', '2015-11-02 12:33:00'),
(578, '3320151102122326', 3, '2015-11-02 12:23:26', '2015-11-02 12:33:00'),
(579, '3320151102122402', 3, '2015-11-02 12:24:02', '2015-11-02 12:34:00'),
(580, '3320151102122402', 3, '2015-11-02 12:24:02', '2015-11-02 12:34:00'),
(581, '3320151102122405', 3, '2015-11-02 12:24:05', '2015-11-02 12:34:00'),
(582, '3320151102122516', 3, '2015-11-02 12:25:16', '2015-11-02 12:35:00'),
(583, '3320151102122516', 3, '2015-11-02 12:25:16', '2015-11-02 12:35:00'),
(584, '3320151102122520', 3, '2015-11-02 12:25:20', '2015-11-02 12:35:00'),
(585, '3320151102122747', 3, '2015-11-02 12:27:47', '2015-11-02 12:37:00'),
(586, '3320151102122747', 3, '2015-11-02 12:27:47', '2015-11-02 12:37:00'),
(587, '3320151102122749', 3, '2015-11-02 12:27:49', '2015-11-02 12:37:00'),
(588, '3320151102123021', 3, '2015-11-02 12:30:21', '2015-11-02 12:40:00'),
(589, '3320151102123021', 3, '2015-11-02 12:30:21', '2015-11-02 12:40:00'),
(590, '3320151102123023', 3, '2015-11-02 12:30:23', '2015-11-02 12:40:00'),
(591, '3320151102123046', 3, '2015-11-02 12:30:46', '2015-11-02 12:40:00'),
(592, '3320151102123049', 3, '2015-11-02 12:30:49', '2015-11-02 12:40:00'),
(593, '3320151102123120', 3, '2015-11-02 12:31:20', '2015-11-02 12:41:00'),
(594, '3320151102123120', 3, '2015-11-02 12:31:20', '2015-11-02 12:41:00'),
(595, '3320151102123121', 3, '2015-11-02 12:31:21', '2015-11-02 12:41:00'),
(596, '3320151102123257', 3, '2015-11-02 12:32:57', '2015-11-02 12:42:00'),
(597, '3320151102123257', 3, '2015-11-02 12:32:57', '2015-11-02 12:42:00'),
(598, '3320151102123259', 3, '2015-11-02 12:32:59', '2015-11-02 12:42:00'),
(599, '3320151102123329', 3, '2015-11-02 12:33:29', '2015-11-02 12:43:00'),
(600, '3320151102123330', 3, '2015-11-02 12:33:30', '2015-11-02 12:43:00'),
(601, '3320151102123331', 3, '2015-11-02 12:33:31', '2015-11-02 12:43:00'),
(602, '3320151102123429', 3, '2015-11-02 12:34:29', '2015-11-02 12:44:00'),
(603, '3320151102123429', 3, '2015-11-02 12:34:29', '2015-11-02 12:44:00'),
(604, '3320151102123431', 3, '2015-11-02 12:34:31', '2015-11-02 12:44:00'),
(605, '3320151102123756', 3, '2015-11-02 12:37:56', '2015-11-02 12:47:00'),
(606, '3320151102123756', 3, '2015-11-02 12:37:56', '2015-11-02 12:47:00'),
(607, '3320151102123757', 3, '2015-11-02 12:37:57', '2015-11-02 12:47:00'),
(608, '3320151102123954', 3, '2015-11-02 12:39:54', '2015-11-02 12:49:00'),
(609, '3320151102123954', 3, '2015-11-02 12:39:54', '2015-11-02 12:49:00'),
(610, '3320151102123955', 3, '2015-11-02 12:39:55', '2015-11-02 12:49:00'),
(611, '3320151102124039', 3, '2015-11-02 12:40:39', '2015-11-02 12:50:00'),
(612, '3320151102124039', 3, '2015-11-02 12:40:39', '2015-11-02 12:50:00'),
(613, '3320151102124040', 3, '2015-11-02 12:40:40', '2015-11-02 12:50:00'),
(614, '3320151102124323', 3, '2015-11-02 12:43:23', '2015-11-02 12:53:00'),
(615, '3320151102124323', 3, '2015-11-02 12:43:23', '2015-11-02 12:53:00'),
(616, '3320151102124324', 3, '2015-11-02 12:43:24', '2015-11-02 12:53:00'),
(617, '3320151102124414', 3, '2015-11-02 12:44:14', '2015-11-02 12:54:00'),
(618, '3320151102124414', 3, '2015-11-02 12:44:14', '2015-11-02 12:54:00'),
(619, '3320151102124416', 3, '2015-11-02 12:44:16', '2015-11-02 12:54:00'),
(620, '3320151102124443', 3, '2015-11-02 12:44:43', '2015-11-02 12:54:00'),
(621, '3320151102124443', 3, '2015-11-02 12:44:43', '2015-11-02 12:54:00'),
(622, '3320151102124445', 3, '2015-11-02 12:44:45', '2015-11-02 12:54:00'),
(623, '3320151102124612', 3, '2015-11-02 12:46:12', '2015-11-02 12:56:00'),
(624, '3320151102124612', 3, '2015-11-02 12:46:12', '2015-11-02 12:56:00'),
(625, '3320151102124614', 3, '2015-11-02 12:46:14', '2015-11-02 12:56:00'),
(626, '3320151102125010', 3, '2015-11-02 12:50:10', '2015-11-02 13:00:00'),
(627, '3320151102125010', 3, '2015-11-02 12:50:10', '2015-11-02 13:00:00'),
(628, '3320151102125011', 3, '2015-11-02 12:50:11', '2015-11-02 13:00:00'),
(629, '3320151102125126', 3, '2015-11-02 12:51:26', '2015-11-02 13:01:00'),
(630, '3320151102125126', 3, '2015-11-02 12:51:26', '2015-11-02 13:01:00'),
(631, '3320151102125128', 3, '2015-11-02 12:51:28', '2015-11-02 13:01:00'),
(632, '3320151102125222', 3, '2015-11-02 12:52:22', '2015-11-02 13:02:00'),
(633, '3320151102125222', 3, '2015-11-02 12:52:22', '2015-11-02 13:02:00'),
(634, '3320151102125223', 3, '2015-11-02 12:52:23', '2015-11-02 13:02:00'),
(635, '3320151102131127', 3, '2015-11-02 13:11:27', '2015-11-02 13:21:00'),
(636, '3320151102131127', 3, '2015-11-02 13:11:27', '2015-11-02 13:21:00'),
(637, '3320151102131129', 3, '2015-11-02 13:11:29', '2015-11-02 13:21:00'),
(638, '3320151102131609', 3, '2015-11-02 13:16:09', '2015-11-02 13:26:00'),
(639, '3320151102131609', 3, '2015-11-02 13:16:09', '2015-11-02 13:26:00'),
(640, '3320151102131610', 3, '2015-11-02 13:16:10', '2015-11-02 13:26:00'),
(641, '3320151102143849', 3, '2015-11-02 14:38:49', '2015-11-02 14:48:00'),
(642, '3320151102143849', 3, '2015-11-02 14:38:49', '2015-11-02 14:48:00'),
(643, '3320151102143852', 3, '2015-11-02 14:38:52', '2015-11-02 14:48:00'),
(644, '3320151102143949', 3, '2015-11-02 14:39:49', '2015-11-02 14:49:00'),
(645, '3320151102143949', 3, '2015-11-02 14:39:49', '2015-11-02 14:49:00'),
(646, '3320151102143951', 3, '2015-11-02 14:39:51', '2015-11-02 14:49:00'),
(647, '3320151102144040', 3, '2015-11-02 14:40:40', '2015-11-02 14:50:00'),
(648, '3320151102144040', 3, '2015-11-02 14:40:40', '2015-11-02 14:50:00'),
(649, '3320151102144042', 3, '2015-11-02 14:40:42', '2015-11-02 14:50:00'),
(650, '3320151102144239', 3, '2015-11-02 14:42:39', '2015-11-02 14:52:00'),
(651, '3320151102144239', 3, '2015-11-02 14:42:39', '2015-11-02 14:52:00'),
(652, '3320151102144241', 3, '2015-11-02 14:42:41', '2015-11-02 14:52:00'),
(653, '3320151102144323', 3, '2015-11-02 14:43:23', '2015-11-02 14:53:00'),
(654, '3320151102144325', 3, '2015-11-02 14:43:25', '2015-11-02 14:53:00'),
(655, '3320151102144439', 3, '2015-11-02 14:44:39', '2015-11-02 14:54:00'),
(656, '3320151102144439', 3, '2015-11-02 14:44:39', '2015-11-02 14:54:00'),
(657, '3320151102144440', 3, '2015-11-02 14:44:40', '2015-11-02 14:54:00'),
(658, '3320151102145327', 3, '2015-11-02 14:53:27', '2015-11-02 15:03:00'),
(659, '3320151102145327', 3, '2015-11-02 14:53:27', '2015-11-02 15:03:00'),
(660, '3320151102145328', 3, '2015-11-02 14:53:28', '2015-11-02 15:03:00'),
(661, '3320151102145332', 3, '2015-11-02 14:53:32', '2015-11-02 15:03:00'),
(662, '3320151102145512', 3, '2015-11-02 14:55:12', '2015-11-02 15:05:00'),
(663, '3320151102145758', 3, '2015-11-02 14:57:58', '2015-11-02 15:07:00'),
(664, '3320151102145758', 3, '2015-11-02 14:57:58', '2015-11-02 15:07:00'),
(665, '3320151102145801', 3, '2015-11-02 14:58:01', '2015-11-02 15:08:00'),
(666, '3320151102145831', 3, '2015-11-02 14:58:31', '2015-11-02 15:08:00'),
(667, '3320151102145936', 3, '2015-11-02 14:59:36', '2015-11-02 15:09:00'),
(668, '3320151102145936', 3, '2015-11-02 14:59:36', '2015-11-02 15:09:00'),
(669, '3320151102145938', 3, '2015-11-02 14:59:38', '2015-11-02 15:09:00'),
(670, '3320151102150254', 3, '2015-11-02 15:02:54', '2015-11-02 15:12:00'),
(671, '3320151102150255', 3, '2015-11-02 15:02:55', '2015-11-02 15:12:00'),
(672, '3320151102150257', 3, '2015-11-02 15:02:57', '2015-11-02 15:12:00'),
(673, '3320151102150317', 3, '2015-11-02 15:03:17', '2015-11-02 15:13:00'),
(674, '3320151102150317', 3, '2015-11-02 15:03:17', '2015-11-02 15:13:00'),
(675, '3320151102150319', 3, '2015-11-02 15:03:19', '2015-11-02 15:13:00'),
(676, '3320151102150322', 3, '2015-11-02 15:03:22', '2015-11-02 15:13:00');
INSERT INTO `sesiones` (`id`, `numerosesion`, `usuario`, `fechaactual`, `fechacaducidad`) VALUES
(677, '3320151102150353', 3, '2015-11-02 15:03:53', '2015-11-02 15:13:00'),
(678, '3320151102150353', 3, '2015-11-02 15:03:53', '2015-11-02 15:13:00'),
(679, '3320151102150355', 3, '2015-11-02 15:03:55', '2015-11-02 15:13:00'),
(680, '3320151102150429', 3, '2015-11-02 15:04:29', '2015-11-02 15:14:00'),
(681, '3320151102150429', 3, '2015-11-02 15:04:29', '2015-11-02 15:14:00'),
(682, '3320151102150431', 3, '2015-11-02 15:04:31', '2015-11-02 15:14:00'),
(683, '3320151102150514', 3, '2015-11-02 15:05:14', '2015-11-02 15:15:00'),
(684, '3320151102150514', 3, '2015-11-02 15:05:14', '2015-11-02 15:15:00'),
(685, '3320151102150516', 3, '2015-11-02 15:05:16', '2015-11-02 15:15:00'),
(686, '3320151102213045', 3, '2015-11-02 21:30:45', '2015-11-02 21:40:00'),
(687, '3320151102213046', 3, '2015-11-02 21:30:46', '2015-11-02 21:40:00'),
(688, '3320151102213048', 3, '2015-11-02 21:30:48', '2015-11-02 21:40:00'),
(689, '3320151102214618', 3, '2015-11-02 21:46:18', '2015-11-02 21:56:00'),
(690, '3320151102220106', 3, '2015-11-02 22:01:06', '2015-11-02 22:11:00'),
(691, '3320151102220106', 3, '2015-11-02 22:01:06', '2015-11-02 22:11:00'),
(692, '3320151102220107', 3, '2015-11-02 22:01:07', '2015-11-02 22:11:00'),
(693, '3320151102220137', 3, '2015-11-02 22:01:37', '2015-11-02 22:11:00'),
(694, '3320151102221030', 3, '2015-11-02 22:10:30', '2015-11-02 22:20:00'),
(695, '3320151102221050', 3, '2015-11-02 22:10:50', '2015-11-02 22:20:00'),
(696, '3320151102221050', 3, '2015-11-02 22:10:50', '2015-11-02 22:20:00'),
(697, '3320151102221052', 3, '2015-11-02 22:10:52', '2015-11-02 22:20:00'),
(698, '3320151102221148', 3, '2015-11-02 22:11:48', '2015-11-02 22:21:00'),
(699, '3320151102221149', 3, '2015-11-02 22:11:49', '2015-11-02 22:21:00'),
(700, '3320151102221150', 3, '2015-11-02 22:11:50', '2015-11-02 22:21:00'),
(701, '3320151102221213', 3, '2015-11-02 22:12:13', '2015-11-02 22:22:00'),
(702, '3320151102221213', 3, '2015-11-02 22:12:13', '2015-11-02 22:22:00'),
(703, '3320151102221214', 3, '2015-11-02 22:12:14', '2015-11-02 22:22:00'),
(704, '3320151102221940', 3, '2015-11-02 22:19:40', '2015-11-02 22:29:00'),
(705, '3320151102221940', 3, '2015-11-02 22:19:40', '2015-11-02 22:29:00'),
(706, '3320151102221941', 3, '2015-11-02 22:19:41', '2015-11-02 22:29:00'),
(707, '3320151102222112', 3, '2015-11-02 22:21:12', '2015-11-02 22:31:00'),
(708, '3320151102222112', 3, '2015-11-02 22:21:12', '2015-11-02 22:31:00'),
(709, '3320151102222114', 3, '2015-11-02 22:21:14', '2015-11-02 22:31:00'),
(710, '3320151103215851', 3, '2015-11-03 21:58:51', '2015-11-03 22:08:00'),
(711, '3320151103215851', 3, '2015-11-03 21:58:51', '2015-11-03 22:08:00'),
(712, '3320151103215853', 3, '2015-11-03 21:58:53', '2015-11-03 22:08:00'),
(713, '3320151103221929', 3, '2015-11-03 22:19:29', '2015-11-03 22:29:00'),
(714, '3320151103221930', 3, '2015-11-03 22:19:30', '2015-11-03 22:29:00'),
(715, '3320151103221931', 3, '2015-11-03 22:19:31', '2015-11-03 22:29:00'),
(716, '3320151103222036', 3, '2015-11-03 22:20:36', '2015-11-03 22:30:00'),
(717, '3320151103222037', 3, '2015-11-03 22:20:37', '2015-11-03 22:30:00'),
(718, '3320151103222039', 3, '2015-11-03 22:20:39', '2015-11-03 22:30:00'),
(719, '3320151103222255', 3, '2015-11-03 22:22:55', '2015-11-03 22:32:00'),
(720, '3320151103222256', 3, '2015-11-03 22:22:56', '2015-11-03 22:32:00'),
(721, '3320151103222259', 3, '2015-11-03 22:22:59', '2015-11-03 22:32:00'),
(722, '3320151103222321', 3, '2015-11-03 22:23:21', '2015-11-03 22:33:00'),
(723, '3320151103222321', 3, '2015-11-03 22:23:21', '2015-11-03 22:33:00'),
(724, '3320151103222323', 3, '2015-11-03 22:23:23', '2015-11-03 22:33:00'),
(725, '3320151103223745', 3, '2015-11-03 22:37:45', '2015-11-03 22:47:00'),
(726, '3320151103223827', 3, '2015-11-03 22:38:27', '2015-11-03 22:48:00'),
(727, '3320151103223828', 3, '2015-11-03 22:38:28', '2015-11-03 22:48:00'),
(728, '3320151103223829', 3, '2015-11-03 22:38:29', '2015-11-03 22:48:00'),
(729, '3320151103223854', 3, '2015-11-03 22:38:54', '2015-11-03 22:48:00'),
(730, '3320151103223854', 3, '2015-11-03 22:38:54', '2015-11-03 22:48:00'),
(731, '3320151103223856', 3, '2015-11-03 22:38:56', '2015-11-03 22:48:00'),
(732, '3320151103223924', 3, '2015-11-03 22:39:24', '2015-11-03 22:49:00'),
(733, '3320151103223924', 3, '2015-11-03 22:39:24', '2015-11-03 22:49:00'),
(734, '3320151103223925', 3, '2015-11-03 22:39:25', '2015-11-03 22:49:00'),
(735, '3320151103224426', 3, '2015-11-03 22:44:26', '2015-11-03 22:54:00'),
(736, '3320151103224426', 3, '2015-11-03 22:44:26', '2015-11-03 22:54:00'),
(737, '3320151103224428', 3, '2015-11-03 22:44:28', '2015-11-03 22:54:00'),
(738, '3320151103224528', 3, '2015-11-03 22:45:28', '2015-11-03 22:55:00'),
(739, '3320151103224529', 3, '2015-11-03 22:45:29', '2015-11-03 22:55:00'),
(740, '3320151103224531', 3, '2015-11-03 22:45:31', '2015-11-03 22:55:00'),
(741, '3320151104194844', 3, '2015-11-04 19:48:44', '2015-11-04 19:58:00'),
(742, '3320151104194844', 3, '2015-11-04 19:48:44', '2015-11-04 19:58:00'),
(743, '3320151104194845', 3, '2015-11-04 19:48:45', '2015-11-04 19:58:00'),
(744, '3320151104194935', 3, '2015-11-04 19:49:35', '2015-11-04 19:59:00'),
(745, '3320151104194935', 3, '2015-11-04 19:49:35', '2015-11-04 19:59:00'),
(746, '3320151104194937', 3, '2015-11-04 19:49:37', '2015-11-04 19:59:00'),
(747, '3320151104204454', 3, '2015-11-04 20:44:54', '2015-11-04 20:54:00'),
(748, '3320151104204454', 3, '2015-11-04 20:44:54', '2015-11-04 20:54:00'),
(749, '3320151104204456', 3, '2015-11-04 20:44:56', '2015-11-04 20:54:00'),
(750, '3320151104204758', 3, '2015-11-04 20:47:58', '2015-11-04 20:57:00'),
(751, '3320151104204758', 3, '2015-11-04 20:47:58', '2015-11-04 20:57:00'),
(752, '3320151104204800', 3, '2015-11-04 20:48:00', '2015-11-04 20:58:00'),
(753, '3320151104205040', 3, '2015-11-04 20:50:40', '2015-11-04 21:00:00'),
(754, '3320151104205040', 3, '2015-11-04 20:50:40', '2015-11-04 21:00:00'),
(755, '3320151104205054', 3, '2015-11-04 20:50:54', '2015-11-04 21:00:00'),
(756, '3320151104205145', 3, '2015-11-04 20:51:45', '2015-11-04 21:01:00'),
(757, '3320151104205145', 3, '2015-11-04 20:51:45', '2015-11-04 21:01:00'),
(758, '3320151104205147', 3, '2015-11-04 20:51:47', '2015-11-04 21:01:00'),
(759, '3320151104205157', 3, '2015-11-04 20:51:57', '2015-11-04 21:01:00'),
(760, '3320151104205157', 3, '2015-11-04 20:51:57', '2015-11-04 21:01:00'),
(761, '3320151104205159', 3, '2015-11-04 20:51:59', '2015-11-04 21:01:00'),
(762, '3320151104205243', 3, '2015-11-04 20:52:43', '2015-11-04 21:02:00'),
(763, '3320151104205243', 3, '2015-11-04 20:52:43', '2015-11-04 21:02:00'),
(764, '3320151104205244', 3, '2015-11-04 20:52:44', '2015-11-04 21:02:00'),
(765, '3320151104205340', 3, '2015-11-04 20:53:40', '2015-11-04 21:03:00'),
(766, '3320151104205340', 3, '2015-11-04 20:53:40', '2015-11-04 21:03:00'),
(767, '3320151104205341', 3, '2015-11-04 20:53:41', '2015-11-04 21:03:00'),
(768, '3320151104205524', 3, '2015-11-04 20:55:24', '2015-11-04 21:05:00'),
(769, '3320151104205524', 3, '2015-11-04 20:55:24', '2015-11-04 21:05:00'),
(770, '3320151104205526', 3, '2015-11-04 20:55:26', '2015-11-04 21:05:00'),
(771, '3320151104205658', 3, '2015-11-04 20:56:58', '2015-11-04 21:06:00'),
(772, '3320151104205703', 3, '2015-11-04 20:57:03', '2015-11-04 21:07:00'),
(773, '3320151104210416', 3, '2015-11-04 21:04:16', '2015-11-04 21:14:00'),
(774, '3320151104222300', 3, '2015-11-04 22:23:00', '2015-11-04 22:33:00'),
(775, '3320151104222321', 3, '2015-11-04 22:23:21', '2015-11-04 22:33:00'),
(776, '3320151104222330', 3, '2015-11-04 22:23:30', '2015-11-04 22:33:00'),
(777, '3320151105193409', 3, '2015-11-05 19:34:09', '2015-11-05 19:44:00'),
(778, '3320151105194933', 3, '2015-11-05 19:49:33', '2015-11-05 19:59:00'),
(779, '3320151105195541', 3, '2015-11-05 19:55:41', '2015-11-05 20:05:00'),
(780, '3320151105195541', 3, '2015-11-05 19:55:41', '2015-11-05 20:05:00'),
(781, '3320151105195543', 3, '2015-11-05 19:55:43', '2015-11-05 20:05:00'),
(782, '3320151105195640', 3, '2015-11-05 19:56:40', '2015-11-05 20:06:00'),
(783, '3320151105195640', 3, '2015-11-05 19:56:40', '2015-11-05 20:06:00'),
(784, '3320151105195641', 3, '2015-11-05 19:56:41', '2015-11-05 20:06:00'),
(785, '3320151105195733', 3, '2015-11-05 19:57:33', '2015-11-05 20:07:00'),
(786, '3320151105203419', 3, '2015-11-05 20:34:19', '2015-11-05 20:44:00'),
(787, '3320151105214918', 3, '2015-11-05 21:49:18', '2015-11-05 21:59:00'),
(788, '3320151105214927', 3, '2015-11-05 21:49:27', '2015-11-05 21:59:00'),
(789, '3320151105195640', 3, '2015-11-05 21:49:31', '2015-11-05 21:49:31'),
(790, '3320151105214935', 3, '2015-11-05 21:49:35', '2015-11-05 21:59:00'),
(791, '3320151105214936', 3, '2015-11-05 21:49:36', '2015-11-05 21:59:00'),
(792, '3320151105214938', 3, '2015-11-05 21:49:38', '2015-11-05 21:59:00'),
(793, '3320151105215015', 3, '2015-11-05 21:50:15', '2015-11-05 22:00:00'),
(794, '3320151105215046', 3, '2015-11-05 21:50:46', '2015-11-05 22:00:00'),
(795, '3320151105215113', 3, '2015-11-05 21:51:13', '2015-11-05 22:01:00'),
(796, '3320151105215137', 3, '2015-11-05 21:51:37', '2015-11-05 22:01:00'),
(797, '3320151105215213', 3, '2015-11-05 21:52:13', '2015-11-05 22:02:00'),
(798, '3320151105215230', 3, '2015-11-05 21:52:30', '2015-11-05 22:02:00'),
(799, '3320151105215319', 3, '2015-11-05 21:53:19', '2015-11-05 22:03:00'),
(800, '3320151105215340', 3, '2015-11-05 21:53:40', '2015-11-05 22:03:00'),
(801, '3320151105215414', 3, '2015-11-05 21:54:14', '2015-11-05 22:04:00'),
(802, '3320151105215458', 3, '2015-11-05 21:54:58', '2015-11-05 22:04:00'),
(803, '3320151105215649', 3, '2015-11-05 21:56:49', '2015-11-05 22:06:00'),
(804, '3320151106202621', 3, '2015-11-06 20:26:21', '2015-11-06 20:36:00'),
(805, '3320151106203214', 3, '2015-11-06 20:32:14', '2015-11-06 20:42:00'),
(806, '3320151106203214', 3, '2015-11-06 20:32:14', '2015-11-06 20:42:00'),
(807, '3320151106203217', 3, '2015-11-06 20:32:17', '2015-11-06 20:42:00'),
(808, '3320151106203300', 3, '2015-11-06 20:33:00', '2015-11-06 20:43:00'),
(809, '3320151106203300', 3, '2015-11-06 20:33:00', '2015-11-06 20:43:00'),
(810, '3320151106203304', 3, '2015-11-06 20:33:04', '2015-11-06 20:43:00'),
(811, '3320151106205121', 3, '2015-11-06 20:51:21', '2015-11-06 21:01:00'),
(812, '3320151106205242', 3, '2015-11-06 20:52:42', '2015-11-06 21:02:00'),
(813, '3320151106205245', 3, '2015-11-06 20:52:45', '2015-11-06 21:02:00'),
(814, '3320151106205246', 3, '2015-11-06 20:52:46', '2015-11-06 21:02:00'),
(815, '3320151106205246', 3, '2015-11-06 20:52:46', '2015-11-06 21:02:00'),
(816, '3320151106205248', 3, '2015-11-06 20:52:48', '2015-11-06 21:02:00'),
(817, '3320151106205304', 3, '2015-11-06 20:53:04', '2015-11-06 21:03:00'),
(818, '3320151106205323', 3, '2015-11-06 20:53:23', '2015-11-06 21:03:00'),
(819, '3320151106205324', 3, '2015-11-06 20:53:24', '2015-11-06 21:03:00'),
(820, '3320151106205340', 3, '2015-11-06 20:53:40', '2015-11-06 21:03:00'),
(821, '3320151106205411', 3, '2015-11-06 20:54:11', '2015-11-06 21:04:00'),
(822, '3320151106205411', 3, '2015-11-06 20:54:11', '2015-11-06 21:04:00'),
(823, '3320151106205413', 3, '2015-11-06 20:54:13', '2015-11-06 21:04:00'),
(824, '3320151106205516', 3, '2015-11-06 20:55:16', '2015-11-06 21:05:00'),
(825, '3320151106205518', 3, '2015-11-06 20:55:18', '2015-11-06 21:05:00'),
(826, '3320151106205525', 3, '2015-11-06 20:55:25', '2015-11-06 21:05:00'),
(827, '3320151106205411', 3, '2015-11-06 20:55:29', '2015-11-06 20:55:29'),
(828, '3320151106212343', 3, '2015-11-06 21:23:43', '2015-11-06 21:33:00'),
(829, '3320151106212344', 3, '2015-11-06 21:23:44', '2015-11-06 21:33:00'),
(830, '3320151106212356', 3, '2015-11-06 21:23:56', '2015-11-06 21:33:00'),
(831, '3320151106212734', 3, '2015-11-06 21:27:34', '2015-11-06 21:37:00'),
(832, '3320151106212817', 3, '2015-11-06 21:28:17', '2015-11-06 21:38:00'),
(833, '3320151106213926', 3, '2015-11-06 21:39:26', '2015-11-06 21:49:00'),
(834, '3320151106214054', 3, '2015-11-06 21:40:54', '2015-11-06 21:50:00'),
(835, '3320151106214140', 3, '2015-11-06 21:41:40', '2015-11-06 21:51:00'),
(836, '3320151106214140', 3, '2015-11-06 21:41:40', '2015-11-06 21:51:00'),
(837, '3320151106214146', 3, '2015-11-06 21:41:46', '2015-11-06 21:51:00'),
(838, '3320151106214340', 3, '2015-11-06 21:43:40', '2015-11-06 21:53:00'),
(839, '3320151106214341', 3, '2015-11-06 21:43:41', '2015-11-06 21:53:00'),
(840, '3320151106214342', 3, '2015-11-06 21:43:42', '2015-11-06 21:53:00'),
(841, '3320151106214444', 3, '2015-11-06 21:44:44', '2015-11-06 21:54:00'),
(842, '3320151106214740', 3, '2015-11-06 21:47:40', '2015-11-06 21:57:00'),
(843, '3320151106214741', 3, '2015-11-06 21:47:41', '2015-11-06 21:57:00'),
(844, '3320151106214743', 3, '2015-11-06 21:47:43', '2015-11-06 21:57:00'),
(845, '3320151106214817', 3, '2015-11-06 21:48:17', '2015-11-06 21:58:00'),
(846, '3320151106214818', 3, '2015-11-06 21:48:18', '2015-11-06 21:58:00'),
(847, '3320151106214819', 3, '2015-11-06 21:48:19', '2015-11-06 21:58:00'),
(848, '3320151106214928', 3, '2015-11-06 21:49:28', '2015-11-06 21:59:00'),
(849, '3320151106215013', 3, '2015-11-06 21:50:13', '2015-11-06 22:00:00'),
(850, '3320151106215119', 3, '2015-11-06 21:51:19', '2015-11-06 22:01:00'),
(851, '3320151106215434', 3, '2015-11-06 21:54:34', '2015-11-06 22:04:00'),
(852, '3320151106215733', 3, '2015-11-06 21:57:33', '2015-11-06 22:07:00'),
(853, '3320151106215749', 3, '2015-11-06 21:57:49', '2015-11-06 22:07:00'),
(854, '3320151106215749', 3, '2015-11-06 21:57:49', '2015-11-06 22:07:00'),
(855, '3320151106215751', 3, '2015-11-06 21:57:51', '2015-11-06 22:07:00'),
(856, '3320151106215804', 3, '2015-11-06 21:58:04', '2015-11-06 22:08:00'),
(857, '3320151106215804', 3, '2015-11-06 21:58:04', '2015-11-06 22:08:00'),
(858, '3320151106215806', 3, '2015-11-06 21:58:06', '2015-11-06 22:08:00'),
(859, '3320151106215823', 3, '2015-11-06 21:58:23', '2015-11-06 22:08:00'),
(860, '3320151106215831', 3, '2015-11-06 21:58:31', '2015-11-06 22:08:00'),
(861, '3320151106215841', 3, '2015-11-06 21:58:41', '2015-11-06 22:08:00'),
(862, '3320151106220232', 3, '2015-11-06 22:02:32', '2015-11-06 22:12:00'),
(863, '3320151106220238', 3, '2015-11-06 22:02:38', '2015-11-06 22:12:00'),
(864, '3320151106220239', 3, '2015-11-06 22:02:39', '2015-11-06 22:12:00'),
(865, '3320151106220249', 3, '2015-11-06 22:02:49', '2015-11-06 22:12:00'),
(866, '3320151106220251', 3, '2015-11-06 22:02:51', '2015-11-06 22:12:00'),
(867, '3320151106220258', 3, '2015-11-06 22:02:58', '2015-11-06 22:12:00'),
(868, '3320151106220259', 3, '2015-11-06 22:02:59', '2015-11-06 22:12:00'),
(869, '3320151106220300', 3, '2015-11-06 22:03:00', '2015-11-06 22:13:00'),
(870, '3320151106220307', 3, '2015-11-06 22:03:07', '2015-11-06 22:13:00'),
(871, '3320151106220310', 3, '2015-11-06 22:03:10', '2015-11-06 22:13:00'),
(872, '3320151106220312', 3, '2015-11-06 22:03:12', '2015-11-06 22:13:00'),
(873, '3320151106220313', 3, '2015-11-06 22:03:13', '2015-11-06 22:13:00'),
(874, '3320151106220319', 3, '2015-11-06 22:03:19', '2015-11-06 22:13:00'),
(875, '3320151106220320', 3, '2015-11-06 22:03:20', '2015-11-06 22:13:00'),
(876, '3320151106220321', 3, '2015-11-06 22:03:21', '2015-11-06 22:13:00'),
(877, '3320151106220323', 3, '2015-11-06 22:03:23', '2015-11-06 22:13:00'),
(878, '3320151106220331', 3, '2015-11-06 22:03:31', '2015-11-06 22:13:00'),
(879, '3320151106220341', 3, '2015-11-06 22:03:41', '2015-11-06 22:13:00'),
(880, '3320151106220341', 3, '2015-11-06 22:03:41', '2015-11-06 22:13:00'),
(881, '3320151106220342', 3, '2015-11-06 22:03:42', '2015-11-06 22:13:00'),
(882, '3320151106220524', 3, '2015-11-06 22:05:24', '2015-11-06 22:15:00'),
(883, '3320151106220557', 3, '2015-11-06 22:05:57', '2015-11-06 22:15:00'),
(884, '3320151106221215', 3, '2015-11-06 22:12:15', '2015-11-06 22:22:00'),
(885, '3320151106221437', 3, '2015-11-06 22:14:37', '2015-11-06 22:24:00'),
(886, '3320151106221953', 3, '2015-11-06 22:19:53', '2015-11-06 22:29:00'),
(887, '3320151106222030', 3, '2015-11-06 22:20:30', '2015-11-06 22:30:00'),
(888, '3320151106222030', 3, '2015-11-06 22:20:30', '2015-11-06 22:30:00'),
(889, '3320151106222149', 3, '2015-11-06 22:21:49', '2015-11-06 22:31:00'),
(890, '3320151106222225', 3, '2015-11-06 22:22:25', '2015-11-06 22:32:00'),
(891, '3320151106222855', 3, '2015-11-06 22:28:55', '2015-11-06 22:38:00'),
(892, '3320151106225054', 3, '2015-11-06 22:50:54', '2015-11-06 23:00:00'),
(893, '3320151106225144', 3, '2015-11-06 22:51:44', '2015-11-06 23:01:00'),
(894, '3320151107122014', 3, '2015-11-07 12:20:14', '2015-11-07 12:30:00'),
(895, '3320151107122149', 3, '2015-11-07 12:21:49', '2015-11-07 12:31:00'),
(896, '3320151107122151', 3, '2015-11-07 12:21:51', '2015-11-07 12:31:00'),
(897, '3320151106222030', 3, '2015-11-07 12:21:53', '2015-11-07 12:21:53'),
(898, '3320151107122157', 3, '2015-11-07 12:21:57', '2015-11-07 12:31:00'),
(899, '3320151107122157', 3, '2015-11-07 12:21:57', '2015-11-07 12:31:00'),
(900, '3320151107122158', 3, '2015-11-07 12:21:58', '2015-11-07 12:31:00'),
(901, '3320151107122337', 3, '2015-11-07 12:23:37', '2015-11-07 12:33:00'),
(902, '3320151107122339', 3, '2015-11-07 12:23:39', '2015-11-07 12:33:00'),
(903, '3320151107122157', 3, '2015-11-07 12:23:40', '2015-11-07 12:23:40'),
(904, '3320151107122343', 3, '2015-11-07 12:23:43', '2015-11-07 12:33:00'),
(905, '3320151107122343', 3, '2015-11-07 12:23:43', '2015-11-07 12:33:00'),
(906, '3320151107122344', 3, '2015-11-07 12:23:44', '2015-11-07 12:33:00'),
(907, '3320151107122448', 3, '2015-11-07 12:24:48', '2015-11-07 12:34:00'),
(908, '3320151107122450', 3, '2015-11-07 12:24:50', '2015-11-07 12:34:00'),
(909, '3320151107122451', 3, '2015-11-07 12:24:51', '2015-11-07 12:34:00'),
(910, '3320151107122547', 3, '2015-11-07 12:25:47', '2015-11-07 12:35:00'),
(911, '3320151107122549', 3, '2015-11-07 12:25:49', '2015-11-07 12:35:00'),
(912, '3320151107122558', 3, '2015-11-07 12:25:58', '2015-11-07 12:35:00'),
(913, '3320151107122600', 3, '2015-11-07 12:26:00', '2015-11-07 12:36:00'),
(914, '3320151107122602', 3, '2015-11-07 12:26:02', '2015-11-07 12:36:00'),
(915, '3320151107122627', 3, '2015-11-07 12:26:27', '2015-11-07 12:36:00'),
(916, '3320151107122630', 3, '2015-11-07 12:26:30', '2015-11-07 12:36:00'),
(917, '3320151107122644', 3, '2015-11-07 12:26:44', '2015-11-07 12:36:00'),
(918, '3320151107122710', 3, '2015-11-07 12:27:10', '2015-11-07 12:37:00'),
(919, '3320151107122743', 3, '2015-11-07 12:27:43', '2015-11-07 12:37:00'),
(920, '3320151107122926', 3, '2015-11-07 12:29:26', '2015-11-07 12:39:00'),
(921, '3320151107122928', 3, '2015-11-07 12:29:28', '2015-11-07 12:39:00'),
(922, '3320151107122930', 3, '2015-11-07 12:29:30', '2015-11-07 12:39:00'),
(923, '3320151107123001', 3, '2015-11-07 12:30:01', '2015-11-07 12:40:00'),
(924, '3320151107123015', 3, '2015-11-07 12:30:15', '2015-11-07 12:40:00'),
(925, '3320151107123545', 3, '2015-11-07 12:35:45', '2015-11-07 12:45:00'),
(926, '3320151107123606', 3, '2015-11-07 12:36:06', '2015-11-07 12:46:00'),
(927, '3320151107123635', 3, '2015-11-07 12:36:35', '2015-11-07 12:46:00'),
(928, '3320151107123748', 3, '2015-11-07 12:37:48', '2015-11-07 12:47:00'),
(929, '3320151107132251', 3, '2015-11-07 13:22:51', '2015-11-07 13:32:00'),
(930, '3320151107132253', 3, '2015-11-07 13:22:53', '2015-11-07 13:32:00'),
(931, '3320151107132307', 3, '2015-11-07 13:23:07', '2015-11-07 13:33:00'),
(932, '3320151107132309', 3, '2015-11-07 13:23:09', '2015-11-07 13:33:00'),
(933, '3320151107132317', 3, '2015-11-07 13:23:17', '2015-11-07 13:33:00'),
(934, '3320151107132324', 3, '2015-11-07 13:23:24', '2015-11-07 13:33:00'),
(935, '3320151107132336', 3, '2015-11-07 13:23:36', '2015-11-07 13:33:00'),
(936, '3320151107132353', 3, '2015-11-07 13:23:53', '2015-11-07 13:33:00'),
(937, '3320151107132409', 3, '2015-11-07 13:24:09', '2015-11-07 13:34:00'),
(938, '3320151107132417', 3, '2015-11-07 13:24:17', '2015-11-07 13:34:00'),
(939, '3320151107132432', 3, '2015-11-07 13:24:32', '2015-11-07 13:34:00'),
(940, '3320151107132443', 3, '2015-11-07 13:24:43', '2015-11-07 13:34:00'),
(941, '3320151107132535', 3, '2015-11-07 13:25:35', '2015-11-07 13:35:00'),
(942, '3320151107132550', 3, '2015-11-07 13:25:50', '2015-11-07 13:35:00'),
(943, '3320151107132559', 3, '2015-11-07 13:25:59', '2015-11-07 13:35:00'),
(944, '3320151107132607', 3, '2015-11-07 13:26:07', '2015-11-07 13:36:00'),
(945, '3320151107132656', 3, '2015-11-07 13:26:56', '2015-11-07 13:36:00'),
(946, '3320151107132729', 3, '2015-11-07 13:27:29', '2015-11-07 13:37:00'),
(947, '3320151107132735', 3, '2015-11-07 13:27:35', '2015-11-07 13:37:00'),
(948, '3320151107132736', 3, '2015-11-07 13:27:36', '2015-11-07 13:37:00'),
(949, '3320151107132737', 3, '2015-11-07 13:27:37', '2015-11-07 13:37:00'),
(950, '3320151107132753', 3, '2015-11-07 13:27:53', '2015-11-07 13:37:00'),
(951, '3320151107132753', 3, '2015-11-07 13:27:53', '2015-11-07 13:37:00'),
(952, '3320151107132754', 3, '2015-11-07 13:27:54', '2015-11-07 13:37:00'),
(953, '3320151107132821', 3, '2015-11-07 13:28:21', '2015-11-07 13:38:00'),
(954, '3320151107132823', 3, '2015-11-07 13:28:23', '2015-11-07 13:38:00'),
(955, '3320151107132848', 3, '2015-11-07 13:28:48', '2015-11-07 13:38:00'),
(956, '3320151107132848', 3, '2015-11-07 13:28:48', '2015-11-07 13:38:00'),
(957, '3320151107132851', 3, '2015-11-07 13:28:51', '2015-11-07 13:38:00'),
(958, '3320151107132905', 3, '2015-11-07 13:29:05', '2015-11-07 13:39:00'),
(959, '3320151107132906', 3, '2015-11-07 13:29:06', '2015-11-07 13:39:00'),
(960, '3320151107133043', 3, '2015-11-07 13:30:43', '2015-11-07 13:40:00'),
(961, '3320151107133043', 3, '2015-11-07 13:30:43', '2015-11-07 13:40:00'),
(962, '3320151107133045', 3, '2015-11-07 13:30:45', '2015-11-07 13:40:00'),
(963, '3320151108135219', 3, '2015-11-08 13:52:19', '2015-11-08 14:02:00'),
(964, '3320151108135230', 3, '2015-11-08 13:52:30', '2015-11-08 14:02:00'),
(965, '3320151108135230', 3, '2015-11-08 13:52:30', '2015-11-08 14:02:00'),
(966, '3320151108135238', 3, '2015-11-08 13:52:38', '2015-11-08 14:02:00'),
(967, '3320151108135441', 3, '2015-11-08 13:54:41', '2015-11-08 14:04:00'),
(968, '3320151108140244', 3, '2015-11-08 14:02:44', '2015-11-08 14:12:00'),
(969, '3320151108140256', 3, '2015-11-08 14:02:56', '2015-11-08 14:12:00'),
(970, '3320151108140302', 3, '2015-11-08 14:03:02', '2015-11-08 14:13:00'),
(971, '3320151108140316', 3, '2015-11-08 14:03:16', '2015-11-08 14:13:00'),
(972, '3320151108140355', 3, '2015-11-08 14:03:55', '2015-11-08 14:13:00'),
(973, '3320151108140841', 3, '2015-11-08 14:08:41', '2015-11-08 14:18:00'),
(974, '3320151108140851', 3, '2015-11-08 14:08:51', '2015-11-08 14:18:00'),
(975, '3320151108141100', 3, '2015-11-08 14:11:00', '2015-11-08 14:21:00'),
(976, '3320151108141128', 3, '2015-11-08 14:11:28', '2015-11-08 14:21:00'),
(977, '3320151108141151', 3, '2015-11-08 14:11:51', '2015-11-08 14:21:00'),
(978, '3320151108141159', 3, '2015-11-08 14:11:59', '2015-11-08 14:21:00'),
(979, '3320151108141226', 3, '2015-11-08 14:12:26', '2015-11-08 14:22:00'),
(980, '3320151108141226', 3, '2015-11-08 14:12:26', '2015-11-08 14:22:00'),
(981, '3320151108141228', 3, '2015-11-08 14:12:28', '2015-11-08 14:22:00'),
(982, '3320151108141501', 3, '2015-11-08 14:15:01', '2015-11-08 14:25:00'),
(983, '3320151108141512', 3, '2015-11-08 14:15:12', '2015-11-08 14:25:00'),
(984, '3320151108141528', 3, '2015-11-08 14:15:28', '2015-11-08 14:25:00'),
(985, '3320151108141538', 3, '2015-11-08 14:15:38', '2015-11-08 14:25:00'),
(986, '3320151108141553', 3, '2015-11-08 14:15:53', '2015-11-08 14:25:00'),
(987, '3320151108141559', 3, '2015-11-08 14:15:59', '2015-11-08 14:25:00'),
(988, '3320151108141636', 3, '2015-11-08 14:16:36', '2015-11-08 14:26:00'),
(989, '3320151108141643', 3, '2015-11-08 14:16:43', '2015-11-08 14:26:00'),
(990, '3320151108141700', 3, '2015-11-08 14:17:00', '2015-11-08 14:27:00'),
(991, '3320151108141722', 3, '2015-11-08 14:17:22', '2015-11-08 14:27:00'),
(992, '3320151108141744', 3, '2015-11-08 14:17:44', '2015-11-08 14:27:00'),
(993, '3320151108141746', 3, '2015-11-08 14:17:46', '2015-11-08 14:27:00'),
(994, '3320151108141817', 3, '2015-11-08 14:18:17', '2015-11-08 14:28:00'),
(995, '3320151108141818', 3, '2015-11-08 14:18:18', '2015-11-08 14:28:00'),
(996, '3320151108141819', 3, '2015-11-08 14:18:19', '2015-11-08 14:28:00'),
(997, '3320151108141953', 3, '2015-11-08 14:19:53', '2015-11-08 14:29:00'),
(998, '3320151108141954', 3, '2015-11-08 14:19:54', '2015-11-08 14:29:00'),
(999, '3320151108142006', 3, '2015-11-08 14:20:06', '2015-11-08 14:30:00'),
(1000, '3320151108142006', 3, '2015-11-08 14:20:06', '2015-11-08 14:30:00'),
(1001, '3320151108142007', 3, '2015-11-08 14:20:07', '2015-11-08 14:30:00'),
(1002, '3320151108142127', 3, '2015-11-08 14:21:27', '2015-11-08 14:31:00'),
(1003, '3320151108142136', 3, '2015-11-08 14:21:36', '2015-11-08 14:31:00'),
(1004, '3320151108142136', 3, '2015-11-08 14:21:36', '2015-11-08 14:31:00'),
(1005, '3320151108142137', 3, '2015-11-08 14:21:37', '2015-11-08 14:31:00'),
(1006, '3320151108142140', 3, '2015-11-08 14:21:40', '2015-11-08 14:31:00'),
(1007, '3320151108142255', 3, '2015-11-08 14:22:55', '2015-11-08 14:32:00'),
(1008, '3320151108142359', 3, '2015-11-08 14:23:59', '2015-11-08 14:33:00'),
(1009, '3320151108142413', 3, '2015-11-08 14:24:13', '2015-11-08 14:34:00'),
(1010, '3320151108142501', 3, '2015-11-08 14:25:01', '2015-11-08 14:35:00'),
(1011, '3320151108142506', 3, '2015-11-08 14:25:06', '2015-11-08 14:35:00'),
(1012, '3320151108142526', 3, '2015-11-08 14:25:26', '2015-11-08 14:35:00'),
(1013, '3320151108142631', 3, '2015-11-08 14:26:31', '2015-11-08 14:36:00'),
(1014, '3320151108142712', 3, '2015-11-08 14:27:12', '2015-11-08 14:37:00'),
(1015, '3320151108142728', 3, '2015-11-08 14:27:28', '2015-11-08 14:37:00'),
(1016, '3320151108142742', 3, '2015-11-08 14:27:42', '2015-11-08 14:37:00'),
(1017, '3320151108142745', 3, '2015-11-08 14:27:45', '2015-11-08 14:37:00'),
(1018, '3320151108142753', 3, '2015-11-08 14:27:53', '2015-11-08 14:37:00'),
(1019, '3320151108142136', 3, '2015-11-08 14:27:55', '2015-11-08 14:27:55'),
(1020, '3320151108142833', 3, '2015-11-08 14:28:33', '2015-11-08 14:38:00'),
(1021, '3320151108142833', 3, '2015-11-08 14:28:33', '2015-11-08 14:38:00'),
(1022, '3320151108142836', 3, '2015-11-08 14:28:36', '2015-11-08 14:38:00'),
(1023, '3320151108142833', 3, '2015-11-08 14:28:37', '2015-11-08 14:28:37'),
(1024, '3320151108142846', 3, '2015-11-08 14:28:46', '2015-11-08 14:38:00'),
(1025, '3320151108142847', 3, '2015-11-08 14:28:47', '2015-11-08 14:38:00'),
(1026, '3320151108142849', 3, '2015-11-08 14:28:49', '2015-11-08 14:38:00'),
(1027, '3320151108143037', 3, '2015-11-08 14:30:37', '2015-11-08 14:40:00'),
(1028, '3320151108143037', 3, '2015-11-08 14:30:37', '2015-11-08 14:40:00'),
(1029, '3320151108143039', 3, '2015-11-08 14:30:39', '2015-11-08 14:40:00'),
(1030, '3320151108143045', 3, '2015-11-08 14:30:45', '2015-11-08 14:40:00'),
(1031, '3320151108143047', 3, '2015-11-08 14:30:47', '2015-11-08 14:40:00'),
(1032, '3320151108143159', 3, '2015-11-08 14:31:59', '2015-11-08 14:41:00'),
(1033, '3320151108143209', 3, '2015-11-08 14:32:09', '2015-11-08 14:42:00'),
(1034, '3320151108143506', 3, '2015-11-08 14:35:06', '2015-11-08 14:45:00'),
(1035, '3320151108144043', 3, '2015-11-08 14:40:43', '2015-11-08 14:50:00'),
(1036, '3320151108144426', 3, '2015-11-08 14:44:26', '2015-11-08 14:54:00'),
(1037, '3320151108144544', 3, '2015-11-08 14:45:44', '2015-11-08 14:55:00'),
(1038, '3320151108144547', 3, '2015-11-08 14:45:47', '2015-11-08 14:55:00'),
(1039, '3320151108144549', 3, '2015-11-08 14:45:49', '2015-11-08 14:55:00'),
(1040, '3320151108144550', 3, '2015-11-08 14:45:50', '2015-11-08 14:55:00'),
(1041, '3320151108144552', 3, '2015-11-08 14:45:52', '2015-11-08 14:55:00'),
(1042, '3320151108144605', 3, '2015-11-08 14:46:05', '2015-11-08 14:56:00'),
(1043, '3320151108144607', 3, '2015-11-08 14:46:07', '2015-11-08 14:56:00'),
(1044, '3320151108144609', 3, '2015-11-08 14:46:09', '2015-11-08 14:56:00'),
(1045, '3320151108144610', 3, '2015-11-08 14:46:10', '2015-11-08 14:56:00'),
(1046, '3320151108144611', 3, '2015-11-08 14:46:11', '2015-11-08 14:56:00'),
(1047, '3320151108144612', 3, '2015-11-08 14:46:12', '2015-11-08 14:56:00'),
(1048, '3320151108144622', 3, '2015-11-08 14:46:22', '2015-11-08 14:56:00'),
(1049, '3320151108144634', 3, '2015-11-08 14:46:34', '2015-11-08 14:56:00'),
(1050, '3320151108144642', 3, '2015-11-08 14:46:42', '2015-11-08 14:56:00'),
(1051, '3320151108144653', 3, '2015-11-08 14:46:53', '2015-11-08 14:56:00'),
(1052, '3320151108144704', 3, '2015-11-08 14:47:04', '2015-11-08 14:57:00'),
(1053, '3320151108144714', 3, '2015-11-08 14:47:14', '2015-11-08 14:57:00'),
(1054, '3320151108144742', 3, '2015-11-08 14:47:42', '2015-11-08 14:57:00'),
(1055, '3320151108145006', 3, '2015-11-08 14:50:06', '2015-11-08 15:00:00'),
(1056, '3320151108145119', 3, '2015-11-08 14:51:19', '2015-11-08 15:01:00'),
(1057, '3320151108145155', 3, '2015-11-08 14:51:55', '2015-11-08 15:01:00'),
(1058, '3320151108145157', 3, '2015-11-08 14:51:57', '2015-11-08 15:01:00'),
(1059, '3320151108145200', 3, '2015-11-08 14:52:00', '2015-11-08 15:02:00'),
(1060, '3320151108145202', 3, '2015-11-08 14:52:02', '2015-11-08 15:02:00'),
(1061, '3320151108145203', 3, '2015-11-08 14:52:03', '2015-11-08 15:02:00'),
(1062, '3320151108145204', 3, '2015-11-08 14:52:04', '2015-11-08 15:02:00'),
(1063, '3320151108145207', 3, '2015-11-08 14:52:07', '2015-11-08 15:02:00'),
(1064, '3320151108145208', 3, '2015-11-08 14:52:08', '2015-11-08 15:02:00'),
(1065, '3320151108145208', 3, '2015-11-08 14:52:08', '2015-11-08 15:02:00'),
(1066, '3320151108145210', 3, '2015-11-08 14:52:10', '2015-11-08 15:02:00'),
(1067, '3320151108145220', 3, '2015-11-08 14:52:20', '2015-11-08 15:02:00'),
(1068, '3320151108145530', 3, '2015-11-08 14:55:30', '2015-11-08 15:05:00'),
(1069, '3320151108145602', 3, '2015-11-08 14:56:02', '2015-11-08 15:06:00'),
(1070, '3320151108145704', 3, '2015-11-08 14:57:04', '2015-11-08 15:07:00'),
(1071, '3320151108150534', 3, '2015-11-08 15:05:34', '2015-11-08 15:15:00'),
(1072, '3320151108150609', 3, '2015-11-08 15:06:09', '2015-11-08 15:16:00'),
(1073, '3320151108151007', 3, '2015-11-08 15:10:07', '2015-11-08 15:20:00'),
(1074, '3320151108151017', 3, '2015-11-08 15:10:17', '2015-11-08 15:20:00'),
(1075, '3320151108151034', 3, '2015-11-08 15:10:34', '2015-11-08 15:20:00'),
(1076, '3320151108151111', 3, '2015-11-08 15:11:11', '2015-11-08 15:21:00'),
(1077, '3320151108151143', 3, '2015-11-08 15:11:43', '2015-11-08 15:21:00'),
(1078, '3320151108151800', 3, '2015-11-08 15:18:00', '2015-11-08 15:28:00'),
(1079, '3320151108152010', 3, '2015-11-08 15:20:10', '2015-11-08 15:30:00'),
(1080, '3320151108152209', 3, '2015-11-08 15:22:09', '2015-11-08 15:32:00'),
(1081, '3320151108154637', 3, '2015-11-08 15:46:37', '2015-11-08 15:56:00'),
(1082, '3320151108154701', 3, '2015-11-08 15:47:01', '2015-11-08 15:57:00'),
(1083, '3320151108154701', 3, '2015-11-08 15:47:01', '2015-11-08 15:57:00'),
(1084, '3320151108154703', 3, '2015-11-08 15:47:03', '2015-11-08 15:57:00'),
(1085, '3320151108154713', 3, '2015-11-08 15:47:13', '2015-11-08 15:57:00'),
(1086, '3320151108155130', 3, '2015-11-08 15:51:30', '2015-11-08 16:01:00'),
(1087, '3320151108182147', 3, '2015-11-08 18:21:47', '2015-11-08 18:31:00'),
(1088, '3320151108182202', 3, '2015-11-08 18:22:02', '2015-11-08 18:32:00'),
(1089, '3320151108182202', 3, '2015-11-08 18:22:02', '2015-11-08 18:32:00'),
(1090, '3320151108182204', 3, '2015-11-08 18:22:04', '2015-11-08 18:32:00'),
(1091, '3320151108185143', 3, '2015-11-08 18:51:43', '2015-11-08 19:01:00'),
(1092, '3320151108185154', 3, '2015-11-08 18:51:54', '2015-11-08 19:01:00'),
(1093, '3320151108185154', 3, '2015-11-08 18:51:54', '2015-11-08 19:01:00'),
(1094, '3320151108185156', 3, '2015-11-08 18:51:56', '2015-11-08 19:01:00'),
(1095, '3320151108185411', 3, '2015-11-08 18:54:11', '2015-11-08 19:04:00'),
(1096, '3320151108185412', 3, '2015-11-08 18:54:12', '2015-11-08 19:04:00'),
(1097, '3320151108185414', 3, '2015-11-08 18:54:14', '2015-11-08 19:04:00'),
(1098, '3320151108185154', 3, '2015-11-08 19:32:57', '2015-11-08 19:32:57'),
(1099, '3320151108193617', 3, '2015-11-08 19:36:17', '2015-11-08 19:46:00'),
(1100, '3320151108193618', 3, '2015-11-08 19:36:18', '2015-11-08 19:46:00'),
(1101, '3320151108193620', 3, '2015-11-08 19:36:20', '2015-11-08 19:46:00'),
(1102, '3320151108193859', 3, '2015-11-08 19:38:59', '2015-11-08 19:48:00'),
(1103, '3320151108193901', 3, '2015-11-08 19:39:01', '2015-11-08 19:49:00'),
(1104, '3320151108193923', 3, '2015-11-08 19:39:23', '2015-11-08 19:49:00'),
(1105, '3320151108193926', 3, '2015-11-08 19:39:26', '2015-11-08 19:49:00'),
(1106, '3320151108194138', 3, '2015-11-08 19:41:38', '2015-11-08 19:51:00'),
(1107, '3320151108194146', 3, '2015-11-08 19:41:46', '2015-11-08 19:51:00'),
(1108, '3320151108194150', 3, '2015-11-08 19:41:50', '2015-11-08 19:51:00'),
(1109, '3320151108194218', 3, '2015-11-08 19:42:18', '2015-11-08 19:52:00'),
(1110, '3320151108194220', 3, '2015-11-08 19:42:20', '2015-11-08 19:52:00'),
(1111, '3320151108194533', 3, '2015-11-08 19:45:33', '2015-11-08 19:55:00'),
(1112, '3320151108194533', 3, '2015-11-08 19:45:33', '2015-11-08 19:55:00'),
(1113, '3320151108194535', 3, '2015-11-08 19:45:35', '2015-11-08 19:55:00'),
(1114, '3320151108194621', 3, '2015-11-08 19:46:21', '2015-11-08 19:56:00'),
(1115, '3320151108194621', 3, '2015-11-08 19:46:21', '2015-11-08 19:56:00'),
(1116, '3320151108194623', 3, '2015-11-08 19:46:23', '2015-11-08 19:56:00'),
(1117, '3320151108194642', 3, '2015-11-08 19:46:42', '2015-11-08 19:56:00'),
(1118, '3320151108194647', 3, '2015-11-08 19:46:47', '2015-11-08 19:56:00'),
(1119, '3320151108194647', 3, '2015-11-08 19:46:47', '2015-11-08 19:56:00'),
(1120, '3320151108194649', 3, '2015-11-08 19:46:49', '2015-11-08 19:56:00'),
(1121, '3320151108194654', 3, '2015-11-08 19:46:54', '2015-11-08 19:56:00'),
(1122, '3320151108194655', 3, '2015-11-08 19:46:55', '2015-11-08 19:56:00'),
(1123, '3320151108194656', 3, '2015-11-08 19:46:56', '2015-11-08 19:56:00'),
(1124, '3320151108200423', 3, '2015-11-08 20:04:23', '2015-11-08 20:14:00'),
(1125, '3320151108200426', 3, '2015-11-08 20:04:26', '2015-11-08 20:14:00'),
(1126, '3320151108200449', 3, '2015-11-08 20:04:49', '2015-11-08 20:14:00'),
(1127, '3320151108200450', 3, '2015-11-08 20:04:50', '2015-11-08 20:14:00'),
(1128, '3320151108200452', 3, '2015-11-08 20:04:52', '2015-11-08 20:14:00'),
(1129, '3320151108200459', 3, '2015-11-08 20:04:59', '2015-11-08 20:14:00'),
(1130, '3320151108200556', 3, '2015-11-08 20:05:56', '2015-11-08 20:15:00'),
(1131, '3320151108200610', 3, '2015-11-08 20:06:10', '2015-11-08 20:16:00'),
(1132, '3320151108200611', 3, '2015-11-08 20:06:11', '2015-11-08 20:16:00'),
(1133, '3320151108200638', 3, '2015-11-08 20:06:38', '2015-11-08 20:16:00'),
(1134, '3320151108200640', 3, '2015-11-08 20:06:40', '2015-11-08 20:16:00'),
(1135, '3320151108200653', 3, '2015-11-08 20:06:53', '2015-11-08 20:16:00'),
(1136, '3320151108200653', 3, '2015-11-08 20:06:53', '2015-11-08 20:16:00'),
(1137, '3320151108200655', 3, '2015-11-08 20:06:55', '2015-11-08 20:16:00'),
(1138, '3320151108200704', 3, '2015-11-08 20:07:04', '2015-11-08 20:17:00'),
(1139, '3320151108200705', 3, '2015-11-08 20:07:05', '2015-11-08 20:17:00'),
(1140, '3320151108200706', 3, '2015-11-08 20:07:06', '2015-11-08 20:17:00'),
(1141, '3320151108200719', 3, '2015-11-08 20:07:19', '2015-11-08 20:17:00'),
(1142, '3320151108200719', 3, '2015-11-08 20:07:19', '2015-11-08 20:17:00'),
(1143, '3320151108200722', 3, '2015-11-08 20:07:22', '2015-11-08 20:17:00'),
(1144, '3320151108200723', 3, '2015-11-08 20:07:23', '2015-11-08 20:17:00'),
(1145, '3320151108200817', 3, '2015-11-08 20:08:17', '2015-11-08 20:18:00'),
(1146, '3320151108200819', 3, '2015-11-08 20:08:19', '2015-11-08 20:18:00'),
(1147, '3320151108200953', 3, '2015-11-08 20:09:53', '2015-11-08 20:19:00'),
(1148, '3320151108200955', 3, '2015-11-08 20:09:55', '2015-11-08 20:19:00'),
(1149, '3320151108201034', 3, '2015-11-08 20:10:34', '2015-11-08 20:20:00'),
(1150, '3320151108201112', 3, '2015-11-08 20:11:12', '2015-11-08 20:21:00'),
(1151, '3320151108201240', 3, '2015-11-08 20:12:40', '2015-11-08 20:22:00'),
(1152, '3320151108201241', 3, '2015-11-08 20:12:41', '2015-11-08 20:22:00'),
(1153, '3320151108201618', 3, '2015-11-08 20:16:18', '2015-11-08 20:26:00'),
(1154, '3320151108202048', 3, '2015-11-08 20:20:48', '2015-11-08 20:30:00'),
(1155, '3320151108202132', 3, '2015-11-08 20:21:32', '2015-11-08 20:31:00'),
(1156, '3320151108202148', 3, '2015-11-08 20:21:48', '2015-11-08 20:31:00'),
(1157, '3320151108202148', 3, '2015-11-08 20:21:48', '2015-11-08 20:31:00'),
(1158, '3320151108202150', 3, '2015-11-08 20:21:50', '2015-11-08 20:31:00'),
(1159, '3320151108202240', 3, '2015-11-08 20:22:40', '2015-11-08 20:32:00'),
(1160, '3320151108202240', 3, '2015-11-08 20:22:40', '2015-11-08 20:32:00'),
(1161, '3320151108202242', 3, '2015-11-08 20:22:42', '2015-11-08 20:32:00'),
(1162, '3320151108202308', 3, '2015-11-08 20:23:08', '2015-11-08 20:33:00'),
(1163, '3320151108202308', 3, '2015-11-08 20:23:08', '2015-11-08 20:33:00'),
(1164, '3320151108202310', 3, '2015-11-08 20:23:10', '2015-11-08 20:33:00'),
(1165, '3320151108202758', 3, '2015-11-08 20:27:58', '2015-11-08 20:37:00'),
(1166, '3320151108202758', 3, '2015-11-08 20:27:58', '2015-11-08 20:37:00'),
(1167, '3320151108202800', 3, '2015-11-08 20:28:00', '2015-11-08 20:38:00'),
(1168, '3320151108202938', 3, '2015-11-08 20:29:38', '2015-11-08 20:39:00'),
(1169, '3320151108202938', 3, '2015-11-08 20:29:38', '2015-11-08 20:39:00'),
(1170, '3320151108202940', 3, '2015-11-08 20:29:40', '2015-11-08 20:39:00'),
(1171, '3320151108203036', 3, '2015-11-08 20:30:36', '2015-11-08 20:40:00'),
(1172, '3320151108203038', 3, '2015-11-08 20:30:38', '2015-11-08 20:40:00'),
(1173, '3320151108202938', 3, '2015-11-08 20:30:48', '2015-11-08 20:30:48'),
(1174, '6120151108205753', 6, '2015-11-08 20:57:53', '2015-11-08 21:07:00'),
(1175, '6120151108205753', 6, '2015-11-08 20:57:53', '2015-11-08 21:07:00'),
(1176, '6120151108205758', 6, '2015-11-08 20:57:58', '2015-11-08 21:07:00'),
(1177, '6120151108205805', 6, '2015-11-08 20:58:05', '2015-11-08 21:08:00'),
(1178, '6120151108205805', 6, '2015-11-08 20:58:05', '2015-11-08 21:08:00'),
(1179, '6120151108205805', 6, '2015-11-08 20:58:08', '2015-11-08 20:58:08'),
(1180, '3320151108205822', 3, '2015-11-08 20:58:22', '2015-11-08 21:08:00'),
(1181, '3320151108205822', 3, '2015-11-08 20:58:22', '2015-11-08 21:08:00'),
(1182, '3320151108205824', 3, '2015-11-08 20:58:24', '2015-11-08 21:08:00'),
(1183, '3320151108205841', 3, '2015-11-08 20:58:41', '2015-11-08 21:08:00'),
(1184, '3320151108205841', 3, '2015-11-08 20:58:41', '2015-11-08 21:08:00'),
(1185, '3320151108205843', 3, '2015-11-08 20:58:43', '2015-11-08 21:08:00'),
(1186, '3320151108211413', 3, '2015-11-08 21:14:13', '2015-11-08 21:24:00'),
(1187, '3320151108211500', 3, '2015-11-08 21:15:00', '2015-11-08 21:25:00'),
(1188, '3320151108211504', 3, '2015-11-08 21:15:04', '2015-11-08 21:25:00'),
(1189, '3320151108211507', 3, '2015-11-08 21:15:07', '2015-11-08 21:25:00'),
(1190, '3320151108211535', 3, '2015-11-08 21:15:35', '2015-11-08 21:25:00'),
(1191, '3320151108211539', 3, '2015-11-08 21:15:39', '2015-11-08 21:25:00'),
(1192, '3320151108211601', 3, '2015-11-08 21:16:01', '2015-11-08 21:26:00'),
(1193, '3320151108211601', 3, '2015-11-08 21:16:01', '2015-11-08 21:26:00'),
(1194, '3320151108211602', 3, '2015-11-08 21:16:02', '2015-11-08 21:26:00'),
(1195, '3320151108211614', 3, '2015-11-08 21:16:14', '2015-11-08 21:26:00'),
(1196, '3320151108211614', 3, '2015-11-08 21:16:14', '2015-11-08 21:26:00'),
(1197, '3320151108211616', 3, '2015-11-08 21:16:16', '2015-11-08 21:26:00'),
(1198, '3320151108211631', 3, '2015-11-08 21:16:31', '2015-11-08 21:26:00'),
(1199, '3320151108211614', 3, '2015-11-08 21:16:41', '2015-11-08 21:16:41'),
(1200, '3320151109194431', 3, '2015-11-09 19:44:31', '2015-11-09 19:54:00'),
(1201, '3320151109194432', 3, '2015-11-09 19:44:32', '2015-11-09 19:54:00'),
(1202, '3320151109194439', 3, '2015-11-09 19:44:39', '2015-11-09 19:54:00'),
(1203, '2220151110005057', 2, '2015-11-10 00:50:57', '2015-11-10 01:00:00'),
(1204, '2220151110005057', 2, '2015-11-10 00:50:57', '2015-11-10 01:00:00'),
(1205, '2220151110005109', 2, '2015-11-10 00:51:09', '2015-11-10 01:01:00'),
(1206, '2220151110005141', 2, '2015-11-10 00:51:41', '2015-11-10 01:01:00'),
(1207, '2220151110005141', 2, '2015-11-10 00:51:41', '2015-11-10 01:01:00'),
(1208, '2220151110005205', 2, '2015-11-10 00:52:05', '2015-11-10 01:02:00'),
(1209, '2220151110005205', 2, '2015-11-10 00:52:05', '2015-11-10 01:02:00'),
(1210, '2220151110005658', 2, '2015-11-10 00:56:58', '2015-11-10 01:06:00'),
(1211, '2220151110005658', 2, '2015-11-10 00:56:58', '2015-11-10 01:06:00'),
(1212, '2220151110005741', 2, '2015-11-10 00:57:41', '2015-11-10 01:07:00'),
(1213, '2220151110005741', 2, '2015-11-10 00:57:41', '2015-11-10 01:07:00'),
(1214, '2220151110005743', 2, '2015-11-10 00:57:43', '2015-11-10 01:07:00'),
(1215, '2220151110005810', 2, '2015-11-10 00:58:10', '2015-11-10 01:08:00'),
(1216, '2220151110005810', 2, '2015-11-10 00:58:10', '2015-11-10 01:08:00'),
(1217, '2220151110005813', 2, '2015-11-10 00:58:13', '2015-11-10 01:08:00'),
(1218, '2220151110005828', 2, '2015-11-10 00:58:28', '2015-11-10 01:08:00'),
(1219, '2220151110005810', 2, '2015-11-10 00:58:30', '2015-11-10 00:58:30'),
(1220, '2220151110010044', 2, '2015-11-10 01:00:44', '2015-11-10 01:10:00'),
(1221, '2220151110010045', 2, '2015-11-10 01:00:45', '2015-11-10 01:10:00'),
(1222, '2220151110010046', 2, '2015-11-10 01:00:46', '2015-11-10 01:10:00'),
(1223, '2220151110010044', 2, '2015-11-10 01:01:02', '2015-11-10 01:01:02'),
(1224, '2220151110010147', 2, '2015-11-10 01:01:47', '2015-11-10 01:11:00'),
(1225, '2220151110010147', 2, '2015-11-10 01:01:47', '2015-11-10 01:11:00'),
(1226, '2220151110010149', 2, '2015-11-10 01:01:49', '2015-11-10 01:11:00'),
(1227, '2220151110010147', 2, '2015-11-10 01:01:57', '2015-11-10 01:01:57');

-- --------------------------------------------------------

--
-- Estructura de tabla para la tabla `tipos`
--

CREATE TABLE IF NOT EXISTS `tipos` (
`id` int(11) NOT NULL,
  `nombre` varchar(200) NOT NULL
) ENGINE=InnoDB DEFAULT CHARSET=latin1;

-- --------------------------------------------------------

--
-- Estructura de tabla para la tabla `usuarios`
--

CREATE TABLE IF NOT EXISTS `usuarios` (
`id` int(11) NOT NULL,
  `email` varchar(200) NOT NULL,
  `pass` varchar(200) NOT NULL,
  `active` tinyint(1) NOT NULL DEFAULT '0'
) ENGINE=InnoDB AUTO_INCREMENT=7 DEFAULT CHARSET=latin1;

--
-- Volcado de datos para la tabla `usuarios`
--

INSERT INTO `usuarios` (`id`, `email`, `pass`, `active`) VALUES
(1, 'invitado', '$2a$08$AG8FfFkrK9l8avmaW9qoquvkvsgsPQD0pmDrKndbdG3EPm7LW2ujS', 1),
(2, 'samu@samu.es', '$2a$08$AG8FfFkrK9l8avmaW9qoquvkvsgsPQD0pmDrKndbdG3EPm7LW2ujS', 1),
(3, 's', '$2a$08$5oBlwWCWiw7hZ6ovUUDMzuvOJWPK7W.BC/zeX/BjekGBuIN4n7FWO', 1),
(4, 'sa', '$2a$08$aaN6ZMGbRmrXrncVip22oejkoqxBHX50jwDPmfjUz8d0.TTh8YW0u', 1),
(5, 'se', '$2a$08$59vxB8XgrYcrGp3mRLq9I.bh597zeJXQT/ljvEhYWQkzVK8QVdKH2', 1),
(6, 'as', '$2a$08$Mx3rOnP5hFUyCipYYzPmkOq0at/Ni2ODeZqvHiiM95nSv/Ba1USz6', 1);

--
-- Índices para tablas volcadas
--

--
-- Indices de la tabla `fotos`
--
ALTER TABLE `fotos`
 ADD PRIMARY KEY (`id`);

--
-- Indices de la tabla `personas`
--
ALTER TABLE `personas`
 ADD PRIMARY KEY (`id`);

--
-- Indices de la tabla `roles`
--
ALTER TABLE `roles`
 ADD PRIMARY KEY (`id`);

--
-- Indices de la tabla `sesiones`
--
ALTER TABLE `sesiones`
 ADD PRIMARY KEY (`id`), ADD KEY `usuarios_idx` (`usuario`);

--
-- Indices de la tabla `tipos`
--
ALTER TABLE `tipos`
 ADD PRIMARY KEY (`id`);

--
-- Indices de la tabla `usuarios`
--
ALTER TABLE `usuarios`
 ADD PRIMARY KEY (`id`), ADD UNIQUE KEY `email_UNIQUE` (`email`);

--
-- AUTO_INCREMENT de las tablas volcadas
--

--
-- AUTO_INCREMENT de la tabla `fotos`
--
ALTER TABLE `fotos`
MODIFY `id` int(11) NOT NULL AUTO_INCREMENT;
--
-- AUTO_INCREMENT de la tabla `personas`
--
ALTER TABLE `personas`
MODIFY `id` int(11) NOT NULL AUTO_INCREMENT;
--
-- AUTO_INCREMENT de la tabla `roles`
--
ALTER TABLE `roles`
MODIFY `id` int(11) NOT NULL AUTO_INCREMENT,AUTO_INCREMENT=6;
--
-- AUTO_INCREMENT de la tabla `sesiones`
--
ALTER TABLE `sesiones`
MODIFY `id` int(11) NOT NULL AUTO_INCREMENT,AUTO_INCREMENT=1228;
--
-- AUTO_INCREMENT de la tabla `tipos`
--
ALTER TABLE `tipos`
MODIFY `id` int(11) NOT NULL AUTO_INCREMENT;
--
-- AUTO_INCREMENT de la tabla `usuarios`
--
ALTER TABLE `usuarios`
MODIFY `id` int(11) NOT NULL AUTO_INCREMENT,AUTO_INCREMENT=7;
/*!40101 SET CHARACTER_SET_CLIENT=@OLD_CHARACTER_SET_CLIENT */;
/*!40101 SET CHARACTER_SET_RESULTS=@OLD_CHARACTER_SET_RESULTS */;
/*!40101 SET COLLATION_CONNECTION=@OLD_COLLATION_CONNECTION */;
